wvln_2,T0_A_ag,T0_B_ag,T0_C_ag,Light_T1_A_ag,Light_T1_B_ag,Light_T1_C_ag,Dark_T1_A_ag,Dark_T1_B_ag
250,0.602030949056815,0.574400161346193,0.592475990722549,0.426766187437625,0.447160594786189,0.433277536874846,0.590872122164291,0.573922537479022
251,0.602621504977064,0.5752785858247,0.593344609029515,0.430949718720938,0.450539335338003,0.4376001140755,0.594135080689208,0.577243942847681
252,0.603996504559064,0.576972705615252,0.594806862924657,0.434804457612388,0.453471528457562,0.441676382627492,0.597997233105238,0.581106316123431
253,0.605782070580232,0.579019246842847,0.596543920789456,0.438159150957954,0.455884814611202,0.445346956905726,0.602018208690282,0.585059988389984
254,0.607662489077849,0.581014762702231,0.598305384242207,0.440882487936629,0.457718131092663,0.448479127310971,0.605876720454698,0.588781427250554
255,0.609821558332476,0.583106690602161,0.600333726628924,0.443024315409161,0.458940261883685,0.451085238723623,0.609957865589295,0.592672242840968
256,0.612480734384748,0.585530187247868,0.602907098680212,0.444656353888429,0.459531307523552,0.453185168518427,0.614672133968538,0.59717980860883
257,0.615550174740093,0.588434174225425,0.606012053278435,0.445842052249099,0.459593168564076,0.454754684261451,0.619817184518785,0.602226775357694
258,0.618841843556132,0.59188841788091,0.609513899565441,0.44662210433619,0.459241130539506,0.455757782579158,0.625013923016402,0.607555124162098
259,0.62225814027255,0.595562089790329,0.613111036220099,0.446886232241491,0.458373823550314,0.456217312440198,0.630193917108013,0.612900380219741
260,0.625741551251538,0.598946504081094,0.616438954594643,0.446456391816331,0.456791949380832,0.456175176528452,0.635430092906084,0.618006631606883
261,0.629206843782586,0.602055306939068,0.619537708335385,0.445325299107163,0.454542570292466,0.455552112707825,0.640566049336526,0.622772154753966
262,0.632538335078431,0.605287175777484,0.622738870310815,0.443611861158674,0.451852232995144,0.454172128763678,0.645264603399494,0.627209321339032
263,0.635786646186757,0.60874239563293,0.626175964945288,0.441486677380116,0.448921220444405,0.452186285382085,0.649560481604869,0.631464546632057
264,0.639174249102911,0.612159998660968,0.629732444564882,0.439165903178858,0.44589692705498,0.45010127156929,0.653901256174003,0.635817571553626
265,0.642587440531674,0.615245912795543,0.633132148826781,0.436620623305959,0.442676066748417,0.448017294030298,0.65825491982188,0.6401313332122
266,0.645307008465618,0.617668365510976,0.63583641118217,0.433388146956074,0.438715033080176,0.445296623270156,0.661725469697688,0.64353357853879
267,0.646938296316319,0.619281675380519,0.637548577862113,0.429229236525319,0.433773469423796,0.441547930320213,0.663799846317438,0.645535086175121
268,0.648055708679988,0.620418766345185,0.638644898122581,0.424573022448477,0.42848689225984,0.437186078077379,0.665147460766631,0.646799635283851
269,0.649144795048446,0.621354752756159,0.639486371297635,0.41983093369554,0.423422039112981,0.432636284520128,0.666369600392043,0.647927401551165
270,0.649764667004408,0.621877070974065,0.639993089457361,0.414966012190024,0.418357291095348,0.427901361045447,0.667090743891338,0.648584326406051
271,0.649350923719036,0.621680749358455,0.639950353690617,0.409823279488912,0.412908255411399,0.422861085168162,0.666757481887713,0.648258698786726
272,0.648057277667435,0.620702807551746,0.639061727554432,0.404279416359283,0.406955551493209,0.417340750960639,0.665271032663071,0.646846745545436
273,0.646283100351317,0.61898307951845,0.637066094197677,0.398248300467677,0.4005057886415,0.411190621128242,0.662729124876368,0.644421525310479
274,0.644097301181051,0.616691171976997,0.634391569278346,0.391921676038399,0.393824485588847,0.404735934871669,0.659454803855087,0.641310552137663
275,0.641381085897648,0.614058721423169,0.631819347169997,0.385630559078968,0.387304219308555,0.39853970660968,0.655879576779073,0.637959409332945
276,0.638186702254246,0.611185504621719,0.629337736737005,0.379436753206382,0.380990317282553,0.392590826803911,0.652118827833248,0.634413615790015
277,0.634692452952628,0.60803971306138,0.626246114703842,0.373154164671396,0.374615939448186,0.386375431157556,0.647998478037101,0.6303660466334
278,0.630896921251315,0.604523178719595,0.62230198122133,0.36663425471145,0.367994382483385,0.379673223585222,0.64332530870684,0.62566737536754
279,0.626535078726308,0.600431889350847,0.617849321179709,0.359761885032111,0.361027330242341,0.372640782143257,0.63786755289221,0.620358905999239
280,0.621571673221598,0.595757471426973,0.613140647913357,0.352627796585289,0.35382275073508,0.365521829949204,0.631693445939717,0.614590739210991
281,0.616441750384211,0.590876273443577,0.608188826353689,0.345712959115666,0.346865567095259,0.358688070082571,0.625449256370024,0.608698379174293
282,0.61143484317125,0.586031653952427,0.602992082849918,0.339293793875003,0.340410917059679,0.352298853419857,0.619550178958581,0.602873275044866
283,0.606287122279756,0.580978527278749,0.597601430991072,0.332954829277003,0.333947947091231,0.345882050494753,0.613590297982949,0.596858245397301
284,0.600758692532838,0.575526713768489,0.592108382971201,0.326314466548815,0.327050290151939,0.33904610912305,0.607183295634272,0.590458347369599
285,0.595137768207836,0.570104077299559,0.586726900029985,0.319686502885274,0.320269263340867,0.332241384064087,0.600683960671306,0.584098720903131
286,0.589783615626217,0.565197084667815,0.581638022057329,0.313488496849784,0.314272725541408,0.326029434418313,0.594562217496923,0.578272730978988
287,0.584546312854618,0.560515943479603,0.576571591088635,0.307542646650406,0.308664606662937,0.320123736515921,0.588679098819844,0.572747589097093
288,0.579091218841325,0.555487440014321,0.571118308125042,0.301463115952471,0.302669967079147,0.313942728138916,0.582670213784153,0.56701973333035
289,0.573557366841057,0.550177429339659,0.565545835121842,0.29547586839625,0.296508814579874,0.307753460197364,0.576637984465081,0.561132601484929
290,0.568365148900177,0.545044939228893,0.560524209228222,0.290175296677035,0.291007208982076,0.302333086804359,0.570968635910403,0.555468413685694
291,0.563492884250711,0.540163391109221,0.5560143606543,0.28557693488957,0.286309143755287,0.297741726269999,0.565665812599969,0.550134324000985
292,0.558494069926828,0.535234066615051,0.551300992793752,0.281144154578532,0.281899796660476,0.293349547337376,0.560363183646087,0.544966441561906
293,0.553212804880843,0.530175855161673,0.54611905572557,0.276653228676408,0.277511364392132,0.288882599438788,0.554912784226991,0.539832276451028
294,0.547914907036631,0.525224294805433,0.540860404653494,0.272338075601602,0.273250631152185,0.284589591231847,0.549482598772852,0.534650285787554
295,0.542795663208396,0.520483913739846,0.535807529170937,0.268393304865179,0.269252603775426,0.280665132227618,0.544224736022735,0.529405623086666
296,0.537817978092148,0.515727073619011,0.530898340015664,0.264840820156191,0.265642084494171,0.277089030252635,0.539187418782251,0.524201777617758
297,0.532864352550292,0.510742012377095,0.52600714415449,0.261638229365616,0.262462919557833,0.27379681458793,0.534323101548927,0.519099506122759
298,0.527643003212424,0.505500181981248,0.520943113194746,0.258597059937792,0.25949930870147,0.270659144186713,0.529299745587505,0.513974569414397
299,0.521926578850276,0.500034477572557,0.515547796778626,0.255546066375171,0.256526322791738,0.26755826577547,0.523831700065788,0.508701653454765
300,0.516004282603773,0.494518069956365,0.509918124936338,0.252567550432545,0.253550192134082,0.264514927505203,0.518160786351899,0.503363833007676
301,0.510269130809819,0.489136080215713,0.504218428489337,0.249809388882275,0.25065431718678,0.261596819346148,0.512653694304191,0.498089799497863
302,0.50467634254067,0.483802883098749,0.498530847228624,0.247329198724518,0.247962823173488,0.258905001405267,0.507386114609859,0.49288473046611
303,0.498994942407304,0.478330048160397,0.492897785925843,0.245134400551366,0.245607459984336,0.256542821012777,0.502294505633154,0.487704306434246
304,0.493215497638345,0.472798974869878,0.487346872070532,0.243109651994003,0.243519862112824,0.254417772694847,0.497286303004319,0.482596312022198
305,0.487479156441182,0.46746729285059,0.481886642332565,0.241056890178791,0.241493316346304,0.252301624140169,0.492245684647229,0.477663833945714
306,0.481726016948242,0.462205949056815,0.47636952089776,0.238845626471839,0.239352227134194,0.250027010503703,0.487015938517308,0.472738005513661
307,0.475692829981427,0.456490748551993,0.470490744322764,0.236424894695339,0.236961797311195,0.247500096736109,0.481405506501376,0.467380023518987
308,0.469434629071136,0.450315620344156,0.464305220984135,0.233936077167983,0.234409585682383,0.244856721577122,0.47555220771465,0.461617181511334
309,0.463517480622972,0.44450606738929,0.458439356162814,0.231823598123923,0.232131071663273,0.242592673869632,0.470109517477679,0.456219001869811
310,0.458156871870035,0.439449582469959,0.453147692452281,0.230200230302759,0.23027506493768,0.240850130143883,0.465311850701515,0.451533627536978
311,0.452690144733603,0.434397843384278,0.447756087068406,0.228391514354763,0.228294623195865,0.238925705788897,0.460364916914677,0.446829448029717
312,0.446574993485645,0.428698968535434,0.441707797419499,0.225860401013225,0.225738861909642,0.236258263104567,0.454619411217078,0.441460670117479
313,0.44012144981002,0.422598557465148,0.43532571658708,0.222944720838685,0.222832752322943,0.233214410672873,0.448444857538992,0.435616647733447
314,0.433780521032916,0.416513678722728,0.429069848249905,0.220109954830943,0.219919956576339,0.230294024713912,0.44237658008548,0.429667803854192
315,0.42775922014724,0.410723721031126,0.423109085013314,0.217480065366421,0.217165656831882,0.227625955965898,0.436640902350914,0.423981318941126
316,0.422131711257804,0.40539924640068,0.417473838671709,0.215032627232652,0.214635867470742,0.225174674873011,0.431304729517331,0.41884212352928
317,0.41650484639531,0.400138184129428,0.411834561492985,0.212451292746761,0.212035458067086,0.22256111695406,0.425936498748238,0.413824006949361
318,0.410308514182013,0.394309480281054,0.405728862746537,0.209318733922889,0.208930352106335,0.219289247181186,0.419917774559287,0.408201549268948
319,0.403846340191993,0.38818981554387,0.399421209578196,0.205926561566381,0.205541021478216,0.215686190602609,0.413581151957752,0.402196562260064
320,0.398051751513795,0.38271110779834,0.393699269023697,0.203072285694466,0.202554759837991,0.212671909225984,0.407942792083063,0.396720593175054
321,0.39290485781557,0.37783440651883,0.388494870816532,0.200658383783929,0.199905782204122,0.210182384947526,0.402934215465103,0.391762372573116
322,0.387324828170691,0.372442328495155,0.382791910651838,0.197599276424176,0.196694789615341,0.207062828282575,0.397281883710085,0.386285800982792
323,0.380965931424735,0.366220283793327,0.376335555873705,0.193620805733849,0.192713138545056,0.203004001464342,0.390659096409407,0.38000631066795
324,0.374806018390208,0.36028893112041,0.370227566959207,0.189888752060686,0.188985627220121,0.199205005210231,0.384421256703887,0.373984641093781
325,0.369467903757972,0.355335885408937,0.365130277764998,0.18711134391103,0.186143389380832,0.196401057084294,0.379360482983284,0.368878870886348
326,0.364437932017275,0.35069344149388,0.360357224773882,0.184579906641903,0.183603257600752,0.19387762966099,0.374539046989639,0.364083731923292
327,0.359150520592539,0.34566585680503,0.355201372121999,0.181574189616237,0.180741040496767,0.190888329874466,0.369062726884916,0.358963327256372
328,0.353509767481931,0.340247119246347,0.349663627984515,0.178162882857079,0.177488082794424,0.187411722258274,0.363211707959453,0.353510621472846
329,0.347591346292824,0.33461555802278,0.343939128991027,0.174608242262749,0.173948703606704,0.183633954451431,0.357482578273848,0.347886856597373
330,0.341884089081429,0.329156620755891,0.338427619748932,0.171267622098503,0.170537054956701,0.180005149163329,0.352088514868536,0.342427102149522
331,0.336918528869297,0.324248064437334,0.333515110041397,0.16845906624986,0.167691865842601,0.176983125033901,0.347089185205308,0.337457286706796
332,0.332301097170221,0.319594293952427,0.328851754244669,0.165873860534807,0.165116885932556,0.174276814572714,0.342179114378035,0.332707191936271
333,0.327189826966815,0.314577095265502,0.323734241073195,0.16290261058247,0.162159108423102,0.171228204822663,0.336889028783817,0.327616424876815
334,0.321708495407818,0.309311609910269,0.31829870845801,0.15965978062342,0.158926732490769,0.167894189247466,0.331362516688223,0.322241540340576
335,0.316736291735326,0.304486160159323,0.313334868006892,0.156822679392244,0.156121920950569,0.164892400285529,0.326215885371344,0.317121898081407
336,0.312458423609389,0.300248525312269,0.309026050072277,0.154557608957014,0.153897422445792,0.162401824714807,0.321597039286625,0.31244111556938
337,0.30820152508313,0.29608068478686,0.304806388494708,0.152398038498064,0.15172734642619,0.160051409372329,0.317071369205845,0.307934395252523
338,0.303576475196133,0.291666298262212,0.300325817674148,0.15001451598917,0.149271035915773,0.157552450850097,0.312373494507373,0.303406229162434
339,0.298762608506791,0.287105779756987,0.295679318480163,0.147376529807335,0.146574838473897,0.154809725627336,0.307582067165522,0.298820267617534
340,0.294011040749178,0.282572796863658,0.291050821120186,0.144599418493141,0.143805840073396,0.151896446934145,0.302855964533554,0.294232813355412
341,0.289600057525565,0.278320817914028,0.286733320453803,0.142102604371545,0.141343237122334,0.149273838478373,0.298463997331782,0.2898936905225
342,0.285707832850142,0.274522789908926,0.282917564775224,0.140185322030925,0.139444970803554,0.147281647882924,0.294561296543669,0.2859794093231
343,0.282069801220882,0.270952267733894,0.279291113557251,0.138454480336548,0.137722713190271,0.14549719617266,0.290761198052317,0.282233899992392
344,0.278356109824789,0.267323879723422,0.275482187450155,0.136433325314059,0.135714051465909,0.143399940252859,0.286641883057576,0.278350212870281
345,0.274558532667994,0.263634958186578,0.271564624569805,0.134239167634093,0.133538298762559,0.141082410333639,0.282445860243013,0.274410615551926
346,0.270783406048916,0.259982467607689,0.267766727313657,0.132187593455213,0.131504039985679,0.138842464900087,0.278617027902168,0.27062606558482
347,0.267117194780818,0.256443618777775,0.264203694344469,0.13033953620712,0.129643990054823,0.136760119661662,0.275135418549531,0.267065270660789
348,0.263614099605719,0.25306253387366,0.260899917704133,0.12858870523574,0.127819936724474,0.134770730745374,0.271704448796796,0.263690708480387
349,0.260189435839692,0.249756434966994,0.257695789729911,0.126780808235584,0.125942144985119,0.132784099336302,0.268183357677281,0.260353070805791
350,0.25663923599812,0.246334355848643,0.254274329018774,0.124716405346282,0.123956250364072,0.130684697543467,0.264558242218891,0.256805219439236
351,0.252990564231019,0.242825385216049,0.25062414804359,0.122471385439817,0.121895802925105,0.128491675376938,0.260900139741771,0.253086513055114
352,0.249565577126362,0.239541159372553,0.247121204819978,0.120467984005013,0.119904305829175,0.126397279737743,0.257382722844548,0.249598323260758
353,0.2465275866061,0.236624280960415,0.243999655705878,0.118910055446307,0.118103777592696,0.12454261142205,0.254117806324599,0.246563608826333
354,0.243750802458771,0.233913276199512,0.241225065431762,0.117601524627537,0.116599248496946,0.122993461300991,0.251132810357806,0.243875094946855
355,0.24103471085681,0.23120866194097,0.238617268712211,0.116282495904585,0.115336907101971,0.121657426379646,0.248340603134552,0.241306154813936
356,0.23808194391819,0.228326422872743,0.235699728898834,0.114669405127884,0.113851237659379,0.120058904982434,0.245397767521314,0.238421913284253
357,0.234699552702455,0.225160032462575,0.232146370174316,0.112595188116091,0.111789153208172,0.117845892360984,0.242043580091745,0.234940444398398
358,0.231187662893329,0.22190632030343,0.228470653987335,0.110389153483855,0.109548531943879,0.115446907315894,0.238543572535523,0.231351960438587
359,0.227935782397458,0.21882207969657,0.225306498972007,0.108462696336011,0.107654254057151,0.113424965149366,0.235265667402717,0.22825592592271
360,0.225009528048513,0.215984552058896,0.222580557026561,0.106849902100293,0.106108343506456,0.111813017542572,0.232290816553514,0.225576887219674
361,0.222358713450737,0.213407909516883,0.219975305788897,0.1054533940209,0.10472911401911,0.110449712040994,0.229593488898834,0.223006229976057
362,0.219926365925395,0.211037962224261,0.217458302733111,0.104237961463447,0.103457214993399,0.109211089213005,0.227110792719461,0.220483580273445
363,0.217650517241379,0.208783772516727,0.215163121461657,0.103203557900154,0.10230646989192,0.108002589294905,0.224756951106536,0.21809465877509
364,0.215337416590212,0.206481096444315,0.212941648146076,0.102172503748126,0.10114614654613,0.106703175859831,0.222341908970888,0.215728404551456
365,0.212677018741972,0.203901084171944,0.210399182026002,0.100812373325874,0.0997160404027837,0.105167366254783,0.219583500941171,0.213096733190718
366,0.20969534362192,0.201066464815055,0.207497082662848,0.0991257312564612,0.0980443799843361,0.103442449195999,0.216531445190539,0.210214334514534
367,0.206852276528005,0.198322629993063,0.204664528491575,0.0975467915764506,0.0965319926997695,0.101824409983665,0.213663030762828,0.207489353750587
368,0.204361645300633,0.195852560805567,0.202133575641433,0.0963026557953858,0.0953561688299133,0.100466634514981,0.211183582399248,0.20508235473696
369,0.201928912301461,0.193504019531428,0.199713785021817,0.0951810565203964,0.0942303732202555,0.0992309832808968,0.208739762242162,0.202644365276466
370,0.199307978256842,0.191111947690036,0.197213955723332,0.0939650405988051,0.0929240403974132,0.0979658996916467,0.206049956775045,0.199923440674886
371,0.196552175488375,0.188585706513907,0.194575068728323,0.0925603029917878,0.0915062205330172,0.0965690320526305,0.203215954941932,0.197104420492739
372,0.193778492505986,0.185910136780863,0.191805427478798,0.090967247725391,0.0900993279240976,0.0950084652509566,0.200398931920607,0.194408443321623
373,0.191114227256819,0.183314404302625,0.18908079390633,0.0894762555635614,0.088798105795162,0.0935002828409675,0.197691348718477,0.191849778466289
374,0.188662548321958,0.181035629080087,0.186587505000336,0.0883878111606883,0.0876707385477411,0.0922789618689163,0.19514838846159,0.189383397636107
375,0.186331286817785,0.178910230920361,0.18426362021079,0.0875296398129294,0.0866545494327463,0.0912459726912663,0.192703928989237,0.186955797122334
376,0.183953786417239,0.176628311244378,0.181946392427667,0.0865489372597283,0.0856299031573765,0.0901734882006757,0.190238776728054,0.184507062100293
377,0.181483150945423,0.174159118722728,0.179539938790306,0.0853424586497796,0.0844878566895657,0.0889895372821052,0.187660560486921,0.182013177462015
378,0.178951212471973,0.171646851488286,0.177000947529817,0.0839699968931952,0.0831391299908254,0.0877253335979771,0.184909381932019,0.179479302785025
379,0.176428765076865,0.169209678030835,0.17442909381548,0.0826008495047998,0.0817413002868715,0.08644647366287,0.182130280818993,0.176969127828325
380,0.174012323868514,0.166930110952583,0.172041386456622,0.081488930953031,0.0806570407339614,0.0852391731602855,0.179637885953143,0.174586065885565
381,0.171683498888764,0.164739912256707,0.169832849042046,0.0806008033708518,0.0798770607943789,0.0840695230557854,0.17743450929401,0.172284885180693
382,0.169250220218846,0.162357379788315,0.167482267613059,0.0795027321345297,0.0788724058573698,0.0827226091736221,0.17507740514131,0.169799159689409
383,0.166700799078968,0.159760790374365,0.164918431695495,0.0780800931110563,0.0774605079782496,0.0812237514609858,0.172430798362908,0.167105288931057
384,0.164386023427689,0.157456704333505,0.162583889099331,0.0768809976942871,0.0761942123108594,0.0800741433453421,0.169999850499228,0.164664564343798
385,0.162485697518405,0.155722575363065,0.16073233637808,0.0762360237060575,0.0754409581642016,0.0795226445523508,0.168089644798496,0.162741497245407
386,0.160575786886258,0.154014920699948,0.158906403973237,0.075630967020072,0.0748019479773546,0.0789446726299536,0.166227542933608,0.160879895995883
387,0.158280838548189,0.151835158067533,0.156679443618788,0.0745747914001208,0.0738721335648593,0.0777737824717491,0.16395847199266,0.158650874284052
388,0.155965550207881,0.149583801254,0.154359605568261,0.0733894950041397,0.0728698047224149,0.0764437346156772,0.161573244741211,0.156358967626038
389,0.154107589609971,0.147805850770436,0.152389050685404,0.072543226522858,0.0721255587075119,0.0755637776651973,0.159500858803732,0.154431701248182
390,0.152501807523104,0.146270751155765,0.150665903743651,0.071902181776276,0.0715050760008055,0.0749748631743829,0.157643465962541,0.152698402121327
391,0.150687459357784,0.144463949030858,0.148878500464096,0.071106747840408,0.070703134065206,0.0742263545668955,0.155702454748148,0.150769096472062
392,0.148606119767281,0.142396376362863,0.146949149170489,0.0701169779650473,0.0697188341488957,0.0732409209040256,0.153630280836,0.148661128561391
393,0.146462457392199,0.140408905981338,0.144957011286894,0.0691011136610798,0.0687455442368367,0.0721840576741479,0.151542841983486,0.146647324339323
394,0.144406198042471,0.138613908955671,0.142986077408758,0.0681526424918883,0.0678610708523349,0.0711778316883349,0.149513115248048,0.144798253492358
395,0.142537941553402,0.136913873952874,0.141124755914878,0.067297152970082,0.0670408820756785,0.0703033703166326,0.147576002060462,0.14299913345745
396,0.140803333464611,0.13518891007183,0.13935237345208,0.0664698513325427,0.0662279657678623,0.0695104270894403,0.145690981140773,0.141145592409765
397,0.138945048350153,0.133304585596455,0.137505506785115,0.065491427168207,0.0653308547902168,0.0685754239459375,0.143720521374835,0.139155564472689
398,0.136882694155609,0.131261873192956,0.135529170089284,0.0643334419906465,0.0643323745020027,0.0674360646047126,0.141625656629596,0.137045121755242
399,0.134906042661057,0.12933266236613,0.133596094217369,0.0632768405531561,0.063360973382264,0.066369701167625,0.139571152083958,0.135018445534248
400,0.13322073458435,0.127706942241715,0.131848783455436,0.0625212488272281,0.0625176561757927,0.0655705632670232,0.137692032241491,0.133224805765177
401,0.131637086175121,0.126224167828325,0.130243034350288,0.0619015868352391,0.0617506365790239,0.0648539585822014,0.135948569739309,0.131570320281949
402,0.129957793139251,0.124701773537112,0.128703133245318,0.0612252325091186,0.0609980193917966,0.0640257558370069,0.13427406199736,0.129934963606257
403,0.128298355392155,0.123170647924993,0.127189580704871,0.0604934865653741,0.0602972232567299,0.0631765935044419,0.132642813312448,0.128296868270044
404,0.126823067239813,0.121705349993958,0.125675855599365,0.0597573054639844,0.0596959948058806,0.0624507412759292,0.131037821608897,0.126666985676117
405,0.125358832380228,0.12021294815816,0.124096361414218,0.0589698289565664,0.0590552648580187,0.061737819647788,0.1293743860064,0.125025613959587
406,0.123630235504039,0.118553966265524,0.122389990387791,0.0580617774718611,0.0581883816250084,0.0608469142392983,0.127562635445859,0.123351569434089
407,0.121791743837633,0.116850655471369,0.120676917594039,0.0571358192700665,0.057209483348475,0.0598773877768579,0.125739795371568,0.121690045298843
408,0.120251580645797,0.115379157566291,0.119183495680816,0.0563963682669114,0.0564164444154043,0.0590993378567433,0.124175529022355,0.120130019456242
409,0.119075289436774,0.114185381629484,0.117939724465528,0.0558880820031775,0.0558905040981002,0.0585648870782519,0.122879553931392,0.118715935949339
410,0.118009412774508,0.113103153985992,0.116793395969478,0.0555107723260757,0.0555132680409049,0.0581216875848642,0.121625563684128,0.117453795978429
411,0.116893051114144,0.112009113881268,0.115654793735371,0.0551483153178633,0.0551738098914721,0.0576738314851528,0.120324261456734,0.116303304129428
412,0.115700321757927,0.11084461775918,0.11452124005997,0.0546637211179485,0.0547741730636174,0.0572033723072792,0.119076869319967,0.115156403164985
413,0.114393627019624,0.109561621268768,0.113336783814361,0.0539832520280157,0.0542264480270311,0.0566558092344871,0.117876290314842,0.113915679224865
414,0.112887069548211,0.108116205129674,0.111920845085815,0.0531521866463783,0.053445687127481,0.0558855612575801,0.116460763857773,0.112504246034595
415,0.111191849287297,0.106540204945289,0.110223114386091,0.0522574209044732,0.0524469700776478,0.0548563802904518,0.114709261178366,0.110920405330171
416,0.109656826826288,0.105109575511647,0.108648307727629,0.0515016062574683,0.0515650960648034,0.0539132986873727,0.113030760881649,0.109406835709906
417,0.108570518578621,0.10404740723131,0.107546443593725,0.0510308782196961,0.0510775311544227,0.053359284449417,0.111793068020318,0.108172551450245
418,0.107705925808141,0.103173317492895,0.10667792688223,0.0506887732873861,0.0507843466499585,0.0530278175935912,0.110796298069771,0.107117165330171
419,0.106735126604757,0.102224641071404,0.105685336186533,0.0502591024824899,0.0503891594092504,0.0526473028002415,0.109718072698874,0.106067099573497
420,0.105623413305288,0.101163939005124,0.104544756521739,0.0497208808923897,0.0498621574928954,0.052136261679608,0.108519804475374,0.104955953147307
421,0.104456412928461,0.100044121626351,0.103367309480185,0.0491298900257334,0.0492827912094699,0.0514974031497684,0.10727653387545,0.103765394400412
422,0.103308607322607,0.0989360486840161,0.102248679443263,0.0485584325816196,0.0487329485698941,0.0508426889534337,0.106077687588445,0.102571171443532
423,0.102239734330148,0.0979105746264181,0.10126152454698,0.0480745065559757,0.0482842938414375,0.0503371922951957,0.105007312749894,0.101494126641455
424,0.101227424100785,0.0969473173407325,0.100338176612589,0.0476442426691131,0.0478893675096779,0.0499439076873502,0.104013944922464,0.100501333049296
425,0.100186658010696,0.0959575035879075,0.0992989050066011,0.0471501780044306,0.0474101887900825,0.0494574332350242,0.102937009372329,0.0994363901819239
426,0.0991023230710018,0.0949148816872161,0.0981127537362662,0.0465628510532793,0.046814454445613,0.0488251834169482,0.101735235957842,0.0982518364635593
427,0.0980430489364273,0.0938744100767526,0.0969422472850142,0.0459628988771286,0.0462094298579068,0.0482006937259728,0.100524128128175,0.097047516389268
428,0.0970297206909977,0.092859771396988,0.0958814268379243,0.0454057195721542,0.045657882475777,0.0476603660175882,0.0993781883452303,0.0958965851766653
429,0.09595406200452,0.0918022894654164,0.0948424603128286,0.0448636432437512,0.0450987631390274,0.0470808171567946,0.0982436779055247,0.0947858981386917
430,0.0947597115379623,0.0906658410552932,0.0937505372221352,0.044311435049341,0.0444891461415561,0.0463887311401016,0.0970748440985477,0.0936915529530757
431,0.0935979520150372,0.089550292747656,0.0926458110407482,0.0437762987222806,0.0438945617400255,0.0457348679898856,0.0958950329745574,0.0926033176307368
432,0.0926068543310434,0.0885558085479648,0.0915832578755398,0.0432887759224865,0.0433835026561346,0.0452581820403231,0.0947429064691535,0.091521969303408
433,0.0917226536346752,0.0876863244708988,0.090615211467699,0.0428683070169393,0.0429691147548613,0.0448817083908791,0.0936850437754257,0.0905043766985164
434,0.0908389458972007,0.0869130465931214,0.089778804520128,0.042521126433798,0.0426421133880821,0.0444864981807604,0.0927764819575287,0.0896078959072703
435,0.0899490387746426,0.0861609264875025,0.0890027653068988,0.04217476980465,0.0423556539148337,0.0440689363780797,0.0919335075253418,0.0887844749222404
436,0.0890801351169191,0.0853391101219539,0.0881762225433551,0.0417351585455033,0.0420449143019534,0.0436647436559332,0.0910230527924097,0.0879460130958401
437,0.0882234323390543,0.0844589078699456,0.0873004595717066,0.0412533872272818,0.0416983017700105,0.0432829481706907,0.0900668747969298,0.0870749102642708
438,0.087343000981897,0.0835840789876702,0.086436651589429,0.040859480383987,0.0413291312152878,0.0429054953764907,0.0891684286486606,0.0861913942330326
439,0.0864207797265546,0.0827193843272393,0.0855720820828392,0.0405282208418179,0.0409114713508917,0.0424871140370113,0.0882887376132829,0.08526928340755
440,0.0854511322329879,0.0818132340029984,0.0846252935702297,0.0400958440636398,0.0403861347168206,0.0419583908872429,0.0872623659817852,0.0842390172830003
441,0.0844572458269373,0.0808632176992101,0.0835977407809528,0.039538869716485,0.0397836264575175,0.0413476003884625,0.0860992568587348,0.0831396041030231
442,0.0834976392051735,0.079932874990266,0.0825982837038197,0.0390224549316386,0.0392541441392736,0.0408094530072277,0.0850395418881604,0.0821499311114592
443,0.0826180026485264,0.0790781072380227,0.0817052262382241,0.0386386116350779,0.0388821315616818,0.0404270894707869,0.0842025901532815,0.0813481549678891
444,0.0818216955805678,0.0783237782407303,0.0809202345498891,0.0383102695025621,0.0386079589563426,0.0401217461970506,0.0834437703416947,0.0805987879522924
445,0.0811025418801047,0.0776713388995054,0.0802251251108773,0.0379776865689543,0.0383659653176396,0.0398213351625679,0.0826452028481281,0.0798027603454988
446,0.0803963111235426,0.077023694864508,0.0795414146837028,0.0376461737743068,0.0380767839692094,0.0394784775403342,0.0818131630334086,0.0789927328828123
447,0.0796427209756315,0.0762928311817225,0.0787983963543601,0.0373240698981852,0.0376834307476112,0.0390682285502024,0.0809707651923291,0.0782084874058493
448,0.0787939717979816,0.0754555372615184,0.0779625674702947,0.0369366966743494,0.0371844129356217,0.038597259922576,0.0800826588126832,0.0773774953496386
449,0.0778404688554231,0.0745355976343172,0.0770404634178433,0.0364272101116606,0.0366185776965249,0.038097837201101,0.0791278896077335,0.0764390550399427
450,0.0769179177828997,0.0736572700396072,0.0761454020183939,0.0359145305063887,0.0361089754033432,0.0376267013090471,0.0781897973729554,0.0755155837185886
451,0.0762119523524805,0.0729830347888742,0.0754316107919174,0.0355822449972029,0.0358075734449193,0.037260852484504,0.0773991248781579,0.0747966685466222
452,0.0756174433377341,0.0724187835556848,0.0748275164653494,0.0353615116095683,0.0356130340200049,0.0369555224623509,0.0767094326863434,0.0742011877491105
453,0.0748787603374432,0.0717378185620622,0.074143820173197,0.0350491982975676,0.0352942642422072,0.0366082838667233,0.075984649124393,0.0735056533759985
454,0.0740115626001924,0.0709495340025509,0.0733748461151513,0.0346372586999037,0.0348518533652576,0.0362165087614401,0.0752072455870572,0.0727084534458143
455,0.0732742130036474,0.0702736202179507,0.0726823089556713,0.0342955203947279,0.0344958622461903,0.035874880886124,0.0744762935603839,0.0720107997028351
456,0.0727415697410995,0.0697648077191254,0.0721089391608673,0.0340661543368614,0.0342844005495759,0.0356015711060887,0.0738199025970596,0.0714515133961377
457,0.0722660561149275,0.0692768817767235,0.0715601737277629,0.0338428404242654,0.0340954082373738,0.0353334521184183,0.0731926509816733,0.0708817294797377
458,0.0717235171590324,0.068699866618631,0.0709518995573855,0.033548510983016,0.0338306077406073,0.0350194440761709,0.0725464404734946,0.0702034795882655
459,0.0710406200845846,0.0679918577940881,0.0702172550506837,0.0331562505753094,0.0334382957989662,0.0346225088044038,0.0718167873964511,0.0694227563821075
460,0.0702240716650629,0.0671816995824475,0.0693721715554162,0.032693269118575,0.032939034452326,0.0341597776553514,0.0710021310085255,0.0686002226641902
461,0.0694678948081183,0.0664578492264315,0.0686362843446933,0.032301937794088,0.0325182257172905,0.033778407104209,0.0702592278207164,0.0679011454066996
462,0.0689156757179619,0.0659511198764796,0.0681650545136387,0.0320751260524961,0.0323037158620689,0.0335733205970149,0.0696967755635615,0.0674228995985589
463,0.0684244934198572,0.0654937291154423,0.0677483976468482,0.0318718785705654,0.0321190205965674,0.0333760216035266,0.0691598679415516,0.0669561149374566
464,0.0678026031005392,0.0648764326782877,0.0671295993636017,0.0315209021450468,0.031750964352749,0.0329890229577748,0.0684614276434916,0.0662619519559623
465,0.0670710076358835,0.064145065435342,0.0663756013614088,0.0310748267636331,0.0312742999001991,0.0324810921309494,0.0676532012181969,0.0654352174861823
466,0.0663293877902839,0.0634395119819195,0.0656658147633645,0.0306657627595157,0.0308626960093087,0.032015303988901,0.0668739910483564,0.0646861473060484
467,0.0656458861491642,0.0628145308044485,0.0650450004725994,0.0303354967916041,0.0305435392852827,0.0316554428185906,0.066196290655866,0.0640779072953075
468,0.0650547948649556,0.0622638347629171,0.0644669693597978,0.0300579085170848,0.0302502994186489,0.0313897294349841,0.0656371945830071,0.0635745414916423
469,0.0645452290872474,0.0617666003195417,0.0639206009908478,0.0298074774481416,0.0299774878981404,0.0311700567629618,0.0651540068177851,0.0631089047121215
470,0.0640509238327105,0.0612715956758934,0.063401868651346,0.02953939880418,0.0297473161440175,0.0308983781055741,0.0646355026999933,0.0625686827219226
471,0.0635438199046745,0.0607749310505941,0.0629054837816912,0.0292606785499787,0.029557602356732,0.0305741607491776,0.0640621187701671,0.0619516642735348
472,0.0630261141211484,0.0603126316086733,0.0624069854317618,0.02902240448343,0.0293579713790866,0.0302946448110274,0.0635087735899215,0.0613707926102621
473,0.0625450433699568,0.0599258532336816,0.0619341674720848,0.028870341094229,0.0291566121005169,0.0301306844449417,0.0630449887927678,0.0609201710523842
474,0.0621902186846875,0.0596328398218802,0.0615769869498087,0.0288041579762358,0.029035405464432,0.0300624841415114,0.0626897076640785,0.0606236606950257
475,0.0619735591281971,0.0594020378813579,0.061353377674148,0.0287864856649288,0.0290139196419701,0.03003667683054,0.0624184147750006,0.0604393938973797
476,0.0616462756499362,0.0590279321425854,0.0610289653722392,0.0286417648307189,0.0288857043907896,0.0298824663903868,0.0620525839137147,0.0601265546447671
477,0.061025596819799,0.0583761120920137,0.060428465758464,0.0282566697012687,0.0284965601664839,0.029489950374365,0.0614633334216474,0.0595136279907807
478,0.0603209306334892,0.0576756790503255,0.0597397161959319,0.0278161517393542,0.0280221770475956,0.0290299599471905,0.060786436664056,0.0587966010221754
479,0.0597723845877061,0.057172019061514,0.0591801934220949,0.0275197833211752,0.0276670673060485,0.0286911202049721,0.0601807615708564,0.0582055173944371
480,0.0593147903412473,0.05676492807089,0.0587006751674909,0.0272941506760053,0.0274040578343664,0.0284271389505248,0.0596339031878091,0.0577053119461165
481,0.0587877704616349,0.056251932783459,0.0581681779668375,0.0269837647331558,0.0271290315325919,0.028118048718029,0.059076367856967,0.0571746405191434
482,0.0582376315755555,0.0556925987710622,0.0576297888178298,0.0266448487207142,0.0268623660963548,0.0278051058085882,0.0585368744093624,0.0566431716413435
483,0.0578005266325047,0.0552653662574683,0.0572075182859317,0.0264255924428831,0.0266719467358858,0.0275962814715031,0.0580796417838842,0.0562041599427153
484,0.0574386968658953,0.0549246948519769,0.0568504149173174,0.0262810665541855,0.026505062481595,0.0274432745695808,0.0576593430875606,0.0558141558379019
485,0.0569812059817852,0.0544545634299268,0.0563728920566582,0.0260183371326277,0.0262178397171563,0.0271801549625187,0.0571453710112108,0.0553275630047663
486,0.056424280812728,0.0538673363073687,0.0557885508344335,0.0256548924397503,0.0258489839611538,0.0268207888124595,0.0565619132278637,0.0547644390395847
487,0.0559577558826557,0.0534376802264539,0.0553390394647452,0.0254493132681421,0.025646747133299,0.0265844733299022,0.0561099797632527,0.0543335829541946
488,0.0556472176938396,0.053241650440153,0.0550988598205374,0.0254708082194723,0.0256701488402067,0.0265435754105037,0.0558454687399583,0.0540969297035064
489,0.0553402812853274,0.0530108296529347,0.0548561052464812,0.0254642263053547,0.025657051564367,0.0265143112032043,0.0555806355559533,0.053863090500123
490,0.0549317320315961,0.0525694311969388,0.0544655045259459,0.0252663183280001,0.0254405177506768,0.0263627984909037,0.0551841084329476,0.0534946714574056
491,0.0544836061885474,0.0520508511034034,0.0540131160903129,0.025012865603616,0.0251582649188837,0.0261357311409966,0.0547282598617108,0.0530469210758799
492,0.0540555944818635,0.0515899607464924,0.0535803043657275,0.024832474452326,0.0249449951173666,0.0258963557206471,0.0542854800017901,0.0525868110899774
493,0.0535903146116494,0.0511553877392647,0.0530960084736736,0.0246510214075052,0.0247466683899841,0.0256466128505896,0.0538035104987804,0.0521007262341963
494,0.0530356637087427,0.0506967960903131,0.0524926948125937,0.0243849973478933,0.0244947499044508,0.0253866182613171,0.0532341503385621,0.0515751551943432
495,0.0524782829797042,0.0502357543708743,0.0518902587007989,0.0241134974396384,0.0242555838591152,0.0251560804690192,0.0526679131347759,0.0510642727982278
496,0.0520298685466221,0.0498091903260309,0.0514433829237619,0.0239472901940074,0.0241202012683209,0.0249964916529794,0.0522202275387678,0.0506286240569267
497,0.0516495065881984,0.0494047104862494,0.051099278769272,0.0238482593461478,0.0240437864557273,0.0248846141314417,0.0518528963037884,0.0502313442439974
498,0.0512178244874577,0.0489787044802971,0.0507012998617109,0.0237016924191635,0.0239110232612052,0.0247570190543534,0.0514458768717134,0.049780476795632
499,0.0507103203616102,0.0485104765745485,0.0502091896583052,0.0234915832674707,0.0236983668607487,0.0245772044941708,0.0509674452469288,0.0492757849502115
500,0.0501553543655038,0.0479819474868536,0.0496532518794334,0.0232559583396361,0.0234338093096735,0.024313346332207,0.0504307517116069,0.0487648731061335
501,0.0495707260256438,0.0474007571966255,0.0490651707659602,0.0230182049130657,0.0231507281066928,0.0239922183615654,0.0498640939909149,0.0482606303421423
502,0.0489521144424803,0.0467907517805277,0.0484637715169281,0.022769975079326,0.022876054002551,0.023689068077603,0.0492989525458167,0.047728787180738
503,0.0483305386274026,0.0461921380142764,0.0478791455329051,0.0225221233574257,0.0226338930994204,0.0234459942876322,0.048766316939739,0.0471745146841504
504,0.0477830238492694,0.0456626012173018,0.0473479449260444,0.022308114117568,0.0224388777954306,0.0232418648392221,0.0482914797332677,0.0466585902078811
505,0.0473429081465237,0.0452282646772136,0.046886707672134,0.022150257136208,0.0222974675011747,0.0230676274286737,0.0478764095227013,0.0462188426046678
506,0.0469292302356284,0.0448400298059925,0.0464600800196916,0.0220381337241827,0.0221984263465282,0.0229471260712927,0.0474784494618362,0.0458274052675155
507,0.046471633338853,0.0444467987934391,0.0460336832392759,0.0219520302374186,0.0221236897733223,0.0228861269726331,0.047057581536396,0.0454478970055271
508,0.0459678629201816,0.0440104273991362,0.045578693370628,0.0218415447210722,0.0220274349848955,0.0228074894278233,0.0465955167947369,0.0450346128138915
509,0.0454224413032289,0.0434986206314753,0.0450657896663608,0.0216587894873458,0.0218622086508984,0.0226310066101277,0.0460747578464499,0.0445470490814294
510,0.0448432734990714,0.0429301277137551,0.0444856206314753,0.0214276966009533,0.0216404360446642,0.0223845198012934,0.0455002133724183,0.0440185759448634
511,0.0442364729047416,0.0423350842184877,0.0438398530206538,0.0211863893942581,0.0213907361686321,0.0221210088308084,0.0448834299187719,0.043497439473696
512,0.0436617950314395,0.0417707941139878,0.0432222841898453,0.0209810478677079,0.0211715688236479,0.0219057948748014,0.0442973115120052,0.0430143889359797
513,0.0431865119828145,0.0412923012374409,0.0427485397972655,0.0208472360312381,0.0210419974937904,0.0217923168564971,0.0438234346035937,0.0425833661751214
514,0.04273754863971,0.040840577147844,0.0423323225885564,0.0207307328237374,0.0209317078063953,0.0216984002362997,0.0433910431014343,0.0421290285788449
515,0.042139598925015,0.0402696680247935,0.0417461226109332,0.0205065587361542,0.0206736170279039,0.0214424591590771,0.0428164382590793,0.0415101266387701
516,0.041440782576473,0.0396207291628813,0.0410303957698763,0.0202169144657522,0.0203227725292578,0.0210766403714561,0.0421489398187474,0.0408055679375238
517,0.0408831591962228,0.0390911034330596,0.040459174792902,0.0200413268661192,0.0201198130484012,0.0208542673212647,0.0416367693687484,0.0402772600040278
518,0.0405100502709839,0.0387197761095571,0.040094878170467,0.0200105652299223,0.0201101361534158,0.0208289314721743,0.0413216802917944,0.0399731844650809
519,0.0400520902808297,0.0382855659012285,0.0396613894372217,0.0199100372476448,0.020025399641075,0.0207354341909642,0.0409163511727718,0.0395999462632863
520,0.0394006872134082,0.0376968133742084,0.0390396183821522,0.0196516393269037,0.0197534556575443,0.0204585797596724,0.0402991519138938,0.0390272796858287
521,0.0388051961091096,0.0371461420689655,0.0384640046525991,0.0194224735151827,0.0195267781986619,0.0202172887493566,0.0397173541121976,0.0384866943077715
522,0.0384319025451453,0.0367632705551702,0.0380932288894359,0.0193520227984515,0.0195021190637517,0.0201615472899371,0.0393437292586543,0.0381389542133411
523,0.0381016619024817,0.0364128138861913,0.0377572679800399,0.0193240507677505,0.0195096391899573,0.0201337813949742,0.0390182739099108,0.0378247111763522
524,0.0376331613085994,0.0359624605992526,0.0372893342594374,0.0192168251408624,0.0193804306589989,0.0199785261411085,0.0385731770842937,0.0373832290881425
525,0.0371299665975967,0.0355154894108169,0.0368000389867752,0.0191033594907024,0.0192276887887399,0.0198100443348474,0.0381010205258564,0.0369244639906912
526,0.0367444173805633,0.0352086104258317,0.0364456825241109,0.0190849306612364,0.0192075004435095,0.0197813234424577,0.0377366812038755,0.0366009689928169
527,0.0363655289981874,0.0349005149455123,0.036095947624695,0.0190416975184049,0.0191844317930586,0.0197511578330237,0.0373667008301818,0.0362853716440287
528,0.0358072200693681,0.0343731263774081,0.0355395380894626,0.0187970020291345,0.0189388234169481,0.0194963396066144,0.0368084360733065,0.0357693058175388
529,0.0351896980608203,0.033765896431784,0.0349151694296135,0.0184882860802434,0.018602639880955,0.0191645217310747,0.0361937042592136,0.0351721102651659
530,0.0348055582232765,0.0334177051945669,0.0345558542245296,0.0184288394781714,0.0185049771854372,0.0191105966219876,0.0358290589729017,0.0347979164769854
531,0.0344239411926873,0.0330892785463985,0.034217290115241,0.0183768923887311,0.0184268066853141,0.0190854471785004,0.0354729954118464,0.0344273350703753
532,0.0333993882673588,0.0320772851771129,0.0331919494569133,0.0176501172610709,0.0177114058332028,0.0183560217342075,0.0344496645769652,0.0334272607639464
533,0.032354606947571,0.0310030927046924,0.0321018918946497,0.016870595826266,0.0169761299621831,0.0175379970883215,0.0333874647873078,0.0324222268316588
534,0.0335029205307794,0.0321460467587102,0.0332349146232853,0.0182964711808275,0.0184371146501376,0.0189406232764215,0.0345493980532122,0.0336122166439168
535,0.0330246152377542,0.0317150348935979,0.0327985358669918,0.0181257572190024,0.0182683148058806,0.0187827118163306,0.034123944491038,0.0331657004265031
536,0.0321052265819329,0.0308448316972857,0.0319108037709503,0.0175045807182976,0.0176299480570163,0.018170671546018,0.0332239178706169,0.0322582161095572
537,0.030726620507955,0.0294818919394034,0.0305096847295755,0.0163895854433977,0.0164935367513258,0.0170372271225581,0.031793439210544,0.0308721081671105
538,0.0282756048884513,0.0270414775864307,0.0280302591881671,0.0141959671028665,0.0142803796876189,0.0148272209908479,0.0292950565432209,0.0284191416200855
539,0.0258151217489762,0.0246151982554991,0.0255804435731388,0.0120104690380183,0.0120820128631207,0.0126534064051556,0.0268559084526393,0.0259803321810736
540,0.02336259692139,0.0222014490326478,0.023146713907673,0.00982852681465235,0.00990142524603367,0.0104760359779811,0.0244394500172302,0.0235477877961019
541,0.0209376795587281,0.0197983231622994,0.0207117032558348,0.00764446433798025,0.0077344131396988,0.00825106291928661,0.0219967313611851,0.0211142789903556
542,0.0208438033705833,0.0197110285937926,0.0205896748154579,0.00777156566107988,0.00787300653019756,0.00832850761547581,0.0218497016005728,0.020994805160733
543,0.020742005680503,0.0196164014826019,0.0204727555965897,0.0078950080748282,0.00797737402618089,0.00844952793430145,0.0217098792288035,0.0208791448422654
544,0.0206327282079259,0.0195258455522388,0.0203665480741122,0.00801660262892432,0.008076374630983,0.00861432264951104,0.0215987318106021,0.0207854600658775
545,0.0205275660881201,0.0194598713086441,0.0202749099311239,0.00813978001100938,0.00822417787178049,0.00879183152256704,0.0215331992864463,0.0207380233147307
546,0.0213026389075612,0.0202822449179888,0.0210702503108148,0.00914314079840681,0.0092849989961736,0.00983069919085238,0.0223593127870394,0.0215845737013583
547,0.0228346854458144,0.021838615473338,0.0226306257890756,0.0109147465122961,0.0110831299623621,0.0115954140814966,0.0238972121078565,0.023147076794916
548,0.0230498132076351,0.0220521235972164,0.0228726542647185,0.0113787021959767,0.0115266708459801,0.0120131217399361,0.0240750955589967,0.0233481357926113
549,0.0229384060584036,0.0219405618461814,0.0227688962237687,0.0115094824530421,0.0116286804435991,0.012094996293137,0.0239546478852514,0.0232370304849963
550,0.0231345749274318,0.0221541786330417,0.0229528883602676,0.0119346902130726,0.0120433973669583,0.0124926186742151,0.024192353105507,0.0234713639135358
551,0.0234402463398152,0.0224953274783504,0.0232560272478686,0.012466551426078,0.012583813213095,0.0130211007335139,0.0245294602179507,0.023815251419365
552,0.0245124116144913,0.0236125996697174,0.0243488134583455,0.0137579715061873,0.0138898615686187,0.0143229822023317,0.0255790609912955,0.0248900449247019
553,0.0257360345337779,0.0248632042847233,0.0255832216939291,0.0151512956718655,0.0152559831788583,0.0157025394455011,0.0267331646329074,0.0260593363530175
554,0.0268920378634563,0.0260090701532815,0.0267159022372395,0.0164168454223634,0.0164475596473404,0.0169151343972789,0.0278049983235247,0.0271203773653471
555,0.0253911268373824,0.0244734105313563,0.0251841002984131,0.0150990362185127,0.0151502665585666,0.0155697159756491,0.0262924848001921,0.025619304375479
556,0.0255095336541784,0.0246217158645657,0.025230602552565,0.0155085526223063,0.0157439340435359,0.0160155914983906,0.0264596942529835,0.0258558269702069
557,0.0250403862342026,0.0241781262925709,0.0247970088977334,0.0153750810840479,0.0155680372813224,0.0158884716052052,0.0261504740638597,0.0255748663334742
558,0.0246044441527887,0.0237520628595587,0.024365262182305,0.0159322686859954,0.0156555120534908,0.0161738826983922,0.0257647048162425,0.0251859982390895
559,0.0242422103217274,0.0234029027808395,0.0240136139251103,0.0157985643861327,0.0154392531775579,0.0160656825076689,0.0254750095465619,0.0248995943305224
560,0.0238681114157408,0.0230824323796697,0.0237312100979394,0.0157949366450056,0.0154072794283968,0.0160469231413097,0.0254573324692777,0.0249663181193007
561,0.0233203595475651,0.0225539860773731,0.0232065074307041,0.0154975256554078,0.0151388160298271,0.0157948686494467,0.0250257418572411,0.0245504824954515
562,0.022808681433557,0.0220580061538274,0.022710663766803,0.0152235626060189,0.014866318260383,0.0155590473469592,0.0246049733714548,0.0241382542470191
563,0.0223691262879156,0.0216269369018116,0.0222725184775952,0.0149964794860683,0.0146284083499946,0.0153556813802366,0.0242058417761786,0.0237332382954234
564,0.0218251781149071,0.0211019139251656,0.0217508587664937,0.0147015408983292,0.0144018285432109,0.0151053385511988,0.0237753922726921,0.0233177830410909
565,0.0211890578190049,0.0204939360379152,0.0211554613570774,0.0143466904307091,0.014183648767755,0.0148135182668589,0.0233172911323377,0.0228931105744691
566,0.0206636618624256,0.0199856100560553,0.0206486434191192,0.0140638107836489,0.013953557291433,0.0145715239352142,0.02289240729378,0.0224795105417795
567,0.0203370396533009,0.0196561804469047,0.0203008444791248,0.0139101340724343,0.0137032571507866,0.0144189777899243,0.0225271555794588,0.0220857878838355
568,0.0200319144568639,0.0193460981491729,0.0199702431492805,0.0137704304194666,0.0134527582363926,0.0142761053003436,0.0221683529689438,0.0216942149271602
569,0.019605758134199,0.0189270878378361,0.019542816918454,0.0135520565344508,0.0132166299277406,0.0140787688039606,0.0217732410205605,0.0212905388578621
570,0.0191217365650528,0.0184559988046661,0.0190690984904423,0.0132960702392221,0.0129838954967765,0.0138553929466608,0.0213607694982328,0.0208810762639159
571,0.0188389918201811,0.0181660589133431,0.0187564015218503,0.0131709138797719,0.0125278451186301,0.0137225916602847,0.0210086810231875,0.0204917413523972
572,0.018219003653601,0.0175281873284367,0.0180850845878,0.012671105147051,0.0121891823506134,0.0133431683721549,0.0202445312233092,0.0196689685722957
573,0.0176418641130809,0.0169256072861919,0.0174415021130126,0.0121015310007683,0.0117965414671769,0.0128947595506724,0.0193769367124843,0.0188667486295815
574,0.0180500782799959,0.01736173881909,0.0178899890810761,0.0123155620180954,0.0123215304189696,0.012933941537291,0.0199002433977512,0.0197270091707956
575,0.0182786931513347,0.0176161360791245,0.0181546067989885,0.0124644358844457,0.0127045545713709,0.0129505996607665,0.0201134410982568,0.02009332077782
576,0.0187695868594061,0.0181194862753697,0.0186172451869587,0.0123439751652531,0.0124880125122513,0.012762938690953,0.0200135497809304,0.0198046532963368
577,0.0193131997824968,0.018701050260243,0.0191529439701045,0.0121706553532189,0.0122144739215467,0.0124550490518919,0.019876966302222,0.0194346137322383
578,0.0188901076524424,0.0183005815274452,0.0187300579757882,0.0119821015211797,0.0120536232603101,0.0122473982161158,0.0195506033672716,0.0191529896144465
579,0.018548910600819,0.0178666602036295,0.0183126275110206,0.0119305988014948,0.0120279243178411,0.0124625467976459,0.0193847836568283,0.0190381001552955
580,0.01856577692139,0.0178011900208105,0.0182626911284656,0.0119872714054913,0.0120564446696055,0.0125696100623262,0.0193535909024592,0.0189827747955873
581,0.0183040169583119,0.017556503486876,0.0180014139410705,0.0119386700463201,0.0119765651569738,0.0120456560534044,0.0190071244402985,0.0186483385229027
582,0.0179132406235573,0.0171885010272533,0.0176225212739755,0.0116840844021847,0.0117282220278609,0.0117277953033424,0.0185576600140199,0.0182243370874953
583,0.0180757493019529,0.0173828596882494,0.0178150658349679,0.0119611137517314,0.0120044276084081,0.0120131381575082,0.0188023952368571,0.0184269240061048
584,0.0182260370758754,0.0175662195352198,0.017997833672382,0.0122369725447655,0.0122710331531525,0.0122929816046612,0.0189918067989071,0.0185410339548182
585,0.0183661653027057,0.0177404357898071,0.0181724738721222,0.0125180804371304,0.0125357761142632,0.0125682532556226,0.0191781704968293,0.0187707087517045
586,0.0185001094573929,0.0179090863794658,0.018342166814148,0.0128075294648978,0.0128060921022932,0.0128407420741196,0.0193626789731087,0.0189997651413764
587,0.0186349370509578,0.0180785320641142,0.0185125665072758,0.0130965367732264,0.0130841749904553,0.0131136284401116,0.0195474524810513,0.0192289098749361
588,0.0187780100740468,0.0182553986353344,0.018689562544023,0.0133754949643226,0.0133698407289834,0.0133902252493895,0.0197346996178512,0.0194588791514484
589,0.0189344819201122,0.0184443241472334,0.0188772776391514,0.0136501243049187,0.0136539015535504,0.0136728515290067,0.019925966401544,0.0196901883102581
590,0.0191083280641034,0.0186488865272656,0.0190788921726203,0.0139309671656204,0.0139271991477923,0.0139632962426905,0.0201224454746145,0.0199232348988605
591,0.0191341540241566,0.0187202307417536,0.0191620905589389,0.0141194913998144,0.0141128205868282,0.0141871318736023,0.0202745184925037,0.0201414794690691
592,0.0191592437851453,0.0187909123770835,0.0192446999860058,0.0143195592353421,0.0143170016042839,0.014410636214935,0.0204263706506735,0.0203596504193712
593,0.0167918648639973,0.0163347174670442,0.0167860769859429,0.0119643111556333,0.0119615010460498,0.0120426625429757,0.0179652109729104,0.0179360977702193
594,0.0141514585687753,0.013552724433977,0.0140030693650562,0.00927968702544245,0.00928057782631067,0.00935525150790711,0.0151867341853441,0.0151980550156724
595,0.0144871699178429,0.0140427421867458,0.0144407631496785,0.00979672236363494,0.00981457519095262,0.00971674198595722,0.0154970598687128,0.0154978282410923
596,0.0148578139125281,0.0147410601028658,0.0150301801995339,0.0104640085689313,0.0104772969620482,0.00996005779015035,0.0157448012695959,0.0156232179940695
597,0.0153428172294178,0.0152010252895668,0.0154637526497673,0.0110301115747824,0.0110512110399752,0.0107521005054707,0.0162052376236983,0.0160889476194467
598,0.0166050995187616,0.0158737299199789,0.0162976701513557,0.0115619739621369,0.0115824108481715,0.012086780827361,0.0173465550447299,0.0170435281477307
599,0.0171341937976331,0.0163434571062772,0.0168123349285601,0.0121164450227668,0.0121167983983178,0.0127804008731998,0.0178522381933457,0.0176128409815038
600,0.0173553801797065,0.0167379373861779,0.0171804740059278,0.0126677357034372,0.0126490288852045,0.0129735454329008,0.0181056038365348,0.0179776009051647
601,0.0169994108387461,0.0164252123782749,0.0168446176234135,0.0124168955889084,0.0123965617707428,0.0126522289819134,0.0177795609875523,0.0176129149672789
602,0.0167726812435845,0.0161465954730369,0.0165660964240539,0.0121684039493957,0.012143763366702,0.0125024763609512,0.0175685713283928,0.0173115274249714
603,0.0143283959425443,0.0136570192055396,0.0141014993908201,0.00976218750198843,0.00971376032751596,0.0101196342338464,0.0151267670182005,0.0148560150881953
604,0.0152787357188163,0.0145951601633104,0.0150623226417727,0.0107964024376956,0.0107315433001003,0.0111218318722321,0.0160663877360912,0.01583405803527
605,0.0152954661236545,0.0146348452549844,0.0150897426570296,0.010881621441518,0.0108371771039853,0.0112080889167356,0.0160607597753362,0.0158568988923448
606,0.0136114405057173,0.0129897130336324,0.0134103550931996,0.00925778009711559,0.0092432548895701,0.00961039000111881,0.0143511438779118,0.0141636045281836
607,0.0122891374638054,0.0116943548774866,0.0120894508295106,0.00802250314663559,0.00799716317483045,0.00837922104141955,0.0130085070178343,0.0128484426171988
608,0.0124373779185034,0.0118500383047282,0.0122292102709839,0.00827510718073799,0.0082194505314507,0.00861521642462351,0.0131419645953143,0.0130074536642127
609,0.0127448567584864,0.0121492496292152,0.0125061000398308,0.00866379613954212,0.00862544016827402,0.00900040843787057,0.0134352568793215,0.013289290690774
610,0.0126651720441271,0.0120570348067757,0.0123944127521313,0.00864151286625338,0.00865971170713145,0.00898980864373778,0.0133398248669694,0.0131567763315357
611,0.0123996586121864,0.0117919410083018,0.0121451472335474,0.00844121930944973,0.00848422069681575,0.00879340221799546,0.0130620095486585,0.0128652382626597
612,0.0121153556132382,0.0115266172212401,0.0119208150104052,0.00824112275951577,0.00825535348743539,0.00858012770480432,0.012767819396272,0.0125925819329141
613,0.0118932932390521,0.0113299389908031,0.0117280165490389,0.00810468769853877,0.00808063607509676,0.00842842387522654,0.0125349864297702,0.0123771600742912
614,0.0117467295513437,0.0112036207773724,0.0115531975412293,0.00803474024748813,0.00799639163821068,0.00835121750139849,0.012374361339927,0.0122101226905949
615,0.0115950622372395,0.0110565915173756,0.0113818516261272,0.0079575541927543,0.00792960071426966,0.00827348665935682,0.0122008068276309,0.0120378859746246
616,0.0113838196334669,0.0108346372172123,0.0112065870706438,0.00782438549978742,0.00782652783906555,0.00814835726017589,0.0119638561525208,0.0118276004296359
617,0.0111871455257445,0.0106387066705453,0.0110621978204927,0.00770676444762687,0.00774724067220115,0.00805813017521084,0.0117593488867506,0.0116491325247823
618,0.0110712595475396,0.0105578195958737,0.0109712689905793,0.00766918060193782,0.00774296247219672,0.00806937841347981,0.0116686703645192,0.0115586895862516
619,0.0109817671892412,0.0105231298959475,0.0108779336731634,0.0076731192669337,0.007744810331849,0.0080908091682517,0.0116055192087538,0.0114867850236076
620,0.010854005142205,0.0104456944169706,0.0107255236814428,0.00766223618340083,0.00767842520083241,0.00801701051265411,0.0114685325874376,0.0113539358410347
621,0.010675728060149,0.0102953781753899,0.0105249397677281,0.00758368462664191,0.00753876912170781,0.00785011506813758,0.0112392737201549,0.011139960466334
622,0.0104685804900535,0.0100780048002864,0.0103205382201437,0.00740703778379468,0.00735883883103225,0.00763913190091522,0.0109480154069234,0.0108616077227058
623,0.0102373933701806,0.0098150138808208,0.0101060039231131,0.00717781631542439,0.00716351196759831,0.00741928224663789,0.0106459175931437,0.010558722175927
624,0.0099814143050862,0.00953753780303871,0.00985325677191249,0.00697816384076612,0.0069735184246682,0.0072159193286938,0.0103938845550358,0.0102850301613372
625,0.00975016534449196,0.00931663980129341,0.00961883479334962,0.00685578399785185,0.00683642932444229,0.0070714019799056,0.010219852985746,0.010082934683703
626,0.00962301934883302,0.00924433327396001,0.00951450360670409,0.0068238064552798,0.00681221868200226,0.00703531644655282,0.0101237083326993,0.00998268203987556
627,0.00956419616012886,0.00926114717715765,0.00950027935733622,0.00681957978920984,0.00685077990556957,0.00704690333639147,0.0100414960997113,0.00992542695517909
628,0.0094084809290876,0.00913424677750667,0.00936392616169517,0.00669207570632585,0.00677410300610879,0.00692267533934516,0.0098390837619995,0.0097499963131866
629,0.00912276236657791,0.00881670969142295,0.00905978053659738,0.00643790327373627,0.00655364112868939,0.00664702798003984,0.00951401535948444,0.00943748746671441
630,0.00888454513459686,0.00855402856452368,0.00881005651323589,0.00628161027366911,0.00638930883483629,0.00646805268679091,0.00926557968448609,0.00918956713106131
631,0.0087817558432724,0.00848136453892457,0.00872874214862718,0.00632032580456041,0.00637568797422185,0.00649962708675513,0.00919079540558079,0.00910391655396182
632,0.00866793681756128,0.00843816908948502,0.00864204469645765,0.00633084343887749,0.00632086057956087,0.0065106821463894,0.00911754831032236,0.00900597734207514
633,0.00843317088679538,0.00828638015529546,0.00841559045313161,0.00614698567343191,0.00609180019154599,0.0063280243854192,0.00891111131956407,0.00876484328940005
634,0.00822291861800442,0.00812260413345565,0.00819906576830987,0.00595149419588713,0.00588826205822461,0.00614183846405155,0.00868872649018773,0.00853364615721989
635,0.00818116405737433,0.00805331572780777,0.00814711485063441,0.00593816428114304,0.00590750895209115,0.00614912948510822,0.00858156800465442,0.00846912095952027
636,0.00816604164514754,0.00797183233189371,0.00811830649779584,0.00596017574973704,0.00596509355948888,0.00618149927454179,0.00848662688983862,0.00843008680167375
637,0.00798918896104179,0.00774360031506626,0.00792335804068107,0.00581422134037451,0.00581432440824356,0.00600982943185116,0.008264895510752,0.00822886592852819
638,0.0077260717098167,0.00746367563919529,0.0076472836859182,0.00559040239522026,0.00557014219696119,0.00573512440734853,0.00799554265344936,0.00794977315760027
639,0.00755759137595381,0.00731917330886795,0.00748425858712434,0.00549492356060775,0.00548831249300722,0.00559210183714113,0.00784319244109288,0.00778645357918056
640,0.00747879363422765,0.00728112418536999,0.00742820203450512,0.00550566234912393,0.00553861461925752,0.00558714486159904,0.00778497882521425,0.00772490498153907
641,0.00737552522455188,0.0071980055440936,0.00735625889503008,0.00546572178298908,0.00552441157242273,0.00559004371903598,0.007691361985276,0.00763078016424622
642,0.0072155061737788,0.00703624170153731,0.0072255994629551,0.00534319735057846,0.00539794111302559,0.00553582383584329,0.00752624107498491,0.007464370905592
643,0.0070337789684262,0.00686416606592223,0.00706283674550781,0.00521683967687795,0.00524923243572241,0.005416916496677,0.00733587825460401,0.00727146819843806
644,0.00687420428740855,0.00673042461008303,0.0069092105529325,0.00513659044507598,0.00514520397413235,0.00527403881044554,0.0071676605965674,0.0071010713911701
645,0.00678603649846715,0.00664872064892923,0.00682059368256167,0.0051072817713531,0.00511744868043587,0.00520584410212801,0.00706530625165026,0.00699962257110248
646,0.00674550550068247,0.00658628036698066,0.00677891421423614,0.00509064779520685,0.00512970315558636,0.00521566175837452,0.00700500830897981,0.0069478277276287
647,0.00661594300521383,0.00644784667278303,0.00664701796773257,0.00498955411756811,0.00504361321488512,0.00514745409295355,0.00686651571885701,0.00682596587437627
648,0.00633926997337147,0.00620034184788198,0.00636162833896479,0.00476772791604193,0.0047981255754212,0.00491962050705985,0.00659438503524352,0.00657542790932887
649,0.00608963576629595,0.00598970410526079,0.00608940754458591,0.00456153681577121,0.004564893883506,0.00469185877419498,0.00633529067018729,0.00633133728121013
650,0.00601830867819824,0.0059357586770794,0.00597850975676344,0.0044927128044933,0.0044966882794424,0.00461292674975947,0.00622189716753566,0.00621308486473184
651,0.00597973390856805,0.00589163296650177,0.00592019749021006,0.00446264849605043,0.00448020684374225,0.00458429066750201,0.00614852963011026,0.00612048780773787
652,0.00580778195439594,0.00569802203584775,0.00578027755734073,0.00435695445769653,0.00437622078721833,0.00448235124437781,0.00598954950345723,0.00593613826131711
653,0.00559786009174511,0.00545943994361022,0.00560599509140945,0.00422849302154886,0.00423975686723796,0.0043575266316095,0.00580437865335982,0.00573868761082139
654,0.00552061337420834,0.00536012197811534,0.00550272373693742,0.00418168813533524,0.00418696668262876,0.00431246653717909,0.00570809382801129,0.00566192678466729
655,0.0055292475168385,0.00535203703998737,0.00545760062386707,0.00417794677168869,0.00419190510595439,0.00431169205576307,0.00567656831166497,0.00566452409496735
656,0.0054651475477187,0.00527456033386294,0.00539417795788675,0.00410605781646493,0.00415489726241359,0.00424793073821301,0.0056117910394057,0.00561515546913113
657,0.0053273113526818,0.00513132043769153,0.00530598366577898,0.00398334315021587,0.00406927966703208,0.00413523574123379,0.00551249486540305,0.00551470346259699
658,0.00521480894537804,0.00502986101635748,0.00522267891337912,0.00390237951084158,0.0039831037382801,0.00406094942737585,0.00543293000425159,0.0054465570489382
659,0.00514440416746845,0.00497842808834384,0.00513891212244619,0.00387475526057862,0.00391247810065112,0.00403113866589088,0.00536680990489825,0.00540466526080239
660,0.00503319864843697,0.00486536734766944,0.00500316908859003,0.00381157936852469,0.00382645058963055,0.00395595536709257,0.00523584480297164,0.00527930263375774
661,0.00487359569737523,0.00467683913535774,0.00482957099330936,0.00369678149253736,0.00372556687596505,0.00382733167267117,0.00504800125579006,0.0050673043952651
662,0.00477052723936539,0.00455077181856833,0.00472893199221285,0.00362158553111504,0.0036548028329119,0.00375676640336549,0.00494327634988476,0.00492741862203227
663,0.0047603276430441,0.00454204462037633,0.00473336067130609,0.00362263505650155,0.00362583016044212,0.00378649824431063,0.00497030634026265,0.00492674544160751
664,0.00469411419364942,0.00448999564098545,0.00466499752064264,0.00357856647497145,0.0035542719058381,0.0037655095034572,0.00493839240528987,0.00488946461545344
665,0.00446384496677025,0.00427502463066965,0.00440589137640126,0.00340116370292457,0.00338048387119864,0.00358280609814487,0.00470548758575927,0.00468021387186995
666,0.0041813344653046,0.00401102217368921,0.00410875259952107,0.00317919821253546,0.00317126934860922,0.00333689941417345,0.00438862603593719,0.00440561751034924
667,0.00397243856967033,0.0038252502906755,0.00393729978831474,0.00301474665443392,0.00300657484481634,0.00314740972588327,0.00413349683904311,0.00419402712613837
668,0.00382512042516054,0.00369781688290182,0.00384753032468839,0.00290578448119222,0.00289683966255677,0.00302538738123474,0.00397247066794959,0.0040455089771532
669,0.00369681005706104,0.00357502064579652,0.00375107529011615,0.00282564361789256,0.00283406573519212,0.00295271893844125,0.00390036909843588,0.00392991276690015
670,0.00354435736579463,0.00342083052473755,0.00359497841347974,0.00272010889301609,0.00275676424444486,0.00286148856139086,0.00380856448611507,0.00378569814316714
671,0.00333580748372077,0.00321571133030494,0.003356376885587,0.00253728180626099,0.00259819491686987,0.00268095105372681,0.00356933718901738,0.00355587210812499
672,0.00312549602452502,0.00302835455794488,0.00312407516033025,0.00233670289869988,0.00242531181812076,0.00248733658931725,0.00327046098234462,0.00331154089015191
673,0.00300930231511105,0.00296892179641517,0.00304419078878466,0.00223528470451336,0.00237557479827245,0.00243475784107941,0.00311795057307162,0.0031909373483407
674,0.00298055639195322,0.00300597734565548,0.00308778378571902,0.00224584444941703,0.00241908681330971,0.00249682943453641,0.00311498634115773,0.0031849620622524
675,0.00295074828078491,0.00299123922934048,0.00308168128443234,0.00229223294143966,0.00238843207321705,0.00250054782877211,0.00309889361856378,0.00316260428561831
676,0.00287137924858471,0.00286613014925378,0.00295688876994343,0.00230515382398358,0.00224572047349464,0.00238541424601137,0.0029944790941843,0.00306017749871338
677,0.00273875887668106,0.00267911939045402,0.00276780929177202,0.00222023915146904,0.00210810867193269,0.00223015575286983,0.00283738746537179,0.00289623921859965
678,0.0025711201655888,0.00248281308778441,0.0025702661746738,0.00203777339121479,0.00203311325113558,0.00209567544764926,0.00266481622054639,0.00270476974378477
679,0.00240482516502945,0.00231394875248945,0.00239934048199783,0.00186155442726401,0.00195134862717898,0.00198899048535437,0.00249662182640026,0.00253126735438254
680,0.00227125009017874,0.00219394182640018,0.00227698508089234,0.00176810220143654,0.00182727052026221,0.00190980579739976,0.00234914731320902,0.00240568003938324
681,0.00217843099554696,0.00211166510237414,0.00219661511244373,0.00174079746156768,0.00173380357045353,0.00185312671485148,0.00223530237329092,0.00231816894000756
682,0.00212089173801155,0.00204874422967616,0.00214050408109374,0.00174222774911047,0.00172290988565414,0.0018077273798921,0.00215414584976165,0.00224758423504661
683,0.00201847025173979,0.00194485770726575,0.00203836971245719,0.00167963463223611,0.00167053521179707,0.00171020161740024,0.00203029360871802,0.00212317248271386
684,0.00180528437691598,0.00175714432007872,0.00183616792767791,0.00148109911879876,0.00145835792969183,0.00151401457897912,0.00180187577524666,0.0018901607670791
685,0.00156565953232338,0.00155221653740293,0.00160819711427867,0.00123397240573742,0.00119665447515047,0.00129547447559801,0.00155249629304749,0.00161890881066928
686,0.00140828019691641,0.00141458206090978,0.00145271717245848,0.00105765066839708,0.00104414141556081,0.00115407065989387,0.00138991203025347,0.00140573294815273
687,0.00132101381010986,0.00133254268746222,0.00135389246033698,0.000966497150529198,0.000996990515786867,0.00109301295978875,0.00130418429949203,0.00127238049989929
688,0.00122631829130213,0.00124071098301597,0.00123884839938241,0.000912726937725186,0.000967249840452925,0.00106071767370048,0.00121988391147711,0.00119600897581062
689,0.0011083789066661,0.0011204525713263,0.00110407950412856,0.000851268745328853,0.000909907000827968,0.00100850614155611,0.00110552245429526,0.0011230660780058
690,0.000987043877464248,0.000981765330170731,0.000991556777730534,0.000737693254268385,0.000807595355456597,0.000887149026382328,0.000957205729374115,0.000982884352748998
691,0.000877590217726969,0.000854745960750978,0.000911315496878439,0.000598592858197779,0.000688519573944383,0.000731881698852079,0.000811317577927468,0.000809992419611104
692,0.00077898077021185,0.000776448245429465,0.00083131716171759,0.000519176120298,0.000612820641321072,0.000645677205576257,0.00073094378124365,0.000727910641097305
693,0.000685555636510048,0.000737788960146735,0.000735160729485946,0.000510840874488072,0.000583562618093881,0.000642230321555584,0.000709489468101713,0.000742331308375607
694,0.000566077006869653,0.000641544772986595,0.000607458756293447,0.000458459427599587,0.000503109900870415,0.000584673395242632,0.000622948384613618,0.000667885975519658
695,0.000419962400590741,0.000458855797176031,0.000463037407863224,0.000318948526930556,0.000346158444359902,0.000421287558907105,0.000438396825169497,0.00044913060753205
696,0.000296914972364519,0.000292107592472376,0.000359094345364586,0.000190600465438878,0.000226261948130368,0.000272082977913984,0.00030068431157551,0.00028615910403003
697,0.000228857786032371,0.000213368157712201,0.000322332981270571,0.000144673422990012,0.000213338709749615,0.000219014804538044,0.000297206507194179,0.00030347892322497
698,0.000174878787173574,0.000168437045357915,0.000275951556758929,0.00012769578912036,0.000211843342209488,0.000190500931325379,0.000296911144129423,0.000330084273982408
699,9.59432289824487e-05,9.82843420080258e-05,0.000154301728836999,8.14474693995532e-05,0.000131030476403514,0.000112375192105365,0.000177182795766221,0.000204554676989788
700,0,0,0,0,0,0,0,0
701,-9.84710420909351e-05,-0.000115499326456215,-0.000128463791984646,-0.000108542245295302,-0.000128279742218483,-0.000112120172749486,-0.00014333501309051,-0.000165200125310518
702,-0.000225233330797325,-0.000272217555103082,-0.000257228542146874,-0.000260482542012612,-0.000267336555304473,-0.000232536425518621,-0.000281677713083793,-0.000291829898185271
703,-0.000414464465975953,-0.0004936721233413,-0.000432170053480709,-0.000469451174114421,-0.000446216731634168,-0.000378449607733431,-0.000476518685135029,-0.000418704972588317
704,-0.000568156033028295,-0.000662021413770759,-0.000561839445053627,-0.00060866170556516,-0.000569098367831043,-0.000462312693504026,-0.000623768510371712,-0.000492150841594161
705,-0.000550479304526861,-0.000616582618541496,-0.000510989586699209,-0.000511850939604845,-0.000505990795050257,-0.000368903167222379,-0.000564319846942221,-0.000434410159994649
706,-0.00049396807536528,-0.000517990250844706,-0.000429918756741011,-0.000356313574257625,-0.000417756748193046,-0.00025467393139249,-0.000440475851328046,-0.000379305071046544
707,-0.000731452936516755,-0.000763168392221739,-0.000678895685291622,-0.000572890381973132,-0.000678939857235501,-0.000475631123542646,-0.000619381352905577,-0.000618807117635151
708,-0.00118944325807247,-0.00127984114122045,-0.00117940886482133,-0.0011017398635011,-0.00120382122580502,-0.000957430122849034,-0.00104976420953704,-0.00106394340352213
709,-0.00136042195708118,-0.00149134759873796,-0.00138064534538703,-0.00135741826489742,-0.00140943809080537,-0.00116496846740811,-0.00123266933339302,-0.00122139812571328
710,-0.00111454796034819,-0.00125439633466849,-0.0011416106379646,-0.0011636009040256,-0.0011436057374298,-0.00095411546018036,-0.00102978200004476,-0.000968287292174812
711,-0.000936107442099833,-0.00112998546577456,-0.000987243829130199,-0.00101348932578486,-0.00094762159547091,-0.000815886134843013,-0.000891913412249087,-0.000781174348944919
712,-0.00112438770256667,-0.001433098056345,-0.0012260420694131,-0.0012113548980734,-0.00115804672380232,-0.00104174935756007,-0.00108581823356983,-0.000946860660117747
713,-0.00148687975385445,-0.00184576207388846,-0.00160218325135943,-0.00155226895477638,-0.00156047757434719,-0.00140037636375845,-0.00139533340016562,-0.00125241507574574
714,-0.00178852200765295,-0.00205753650786553,-0.00184871364317847,-0.00180800919689415,-0.00189872364563993,-0.00164215090961988,-0.00158976298417962,-0.00146606681733766
715,-0.00189368745507844,-0.00208645381816555,-0.00192956243549867,-0.00192171455346954,-0.00204438004162099,-0.00171325242632416,-0.00162886928953434,-0.00153842723444249
716,-0.0017502755828057,-0.0020303036210254,-0.00188244540088174,-0.00190228596567397,-0.00195931194522151,-0.00163874142451171,-0.00153937663675634,-0.00148190157577937
717,-0.00161939705788899,-0.00208876077155454,-0.00189809257580167,-0.00193626449730361,-0.00192829882342413,-0.00166007941820137,-0.00152045926559111,-0.00146693759359129
718,-0.00179525646221667,-0.00244058647631409,-0.00216427624337087,-0.00221562612812998,-0.00226001893172818,-0.00201689655261923,-0.00176650788874221,-0.00166632592002508
719,-0.00215742458591599,-0.00289617089932644,-0.00251533512318467,-0.0025890433735371,-0.00275428325359707,-0.00248587979860815,-0.0020966513531294,-0.00193151454093848
720,-0.00242401139609303,-0.00313690976034374,-0.00266520493365261,-0.00278387286088303,-0.00302909340732622,-0.00268235100986823,-0.00219940442345995,-0.00200390676184299
721,-0.0023986737801249,-0.00303712769495853,-0.00253923626753791,-0.00269456690818774,-0.00295593230011864,-0.00251087051757707,-0.00198551150305448,-0.00179317949741551
722,-0.00197150045693578,-0.00261403291458755,-0.00221368786323263,-0.00234381104790895,-0.0025853800469915,-0.0020732799776232,-0.00152610002282448,-0.00133752263241521
723,-0.00144276228870649,-0.00219116753384511,-0.00193818008726989,-0.00201096808879152,-0.00222108666383236,-0.00169125155899671,-0.00110112911275715,-0.000907221641119839
724,-0.00145785790328718,-0.00234295322875877,-0.00210982107095707,-0.00219249622591691,-0.00237726010517131,-0.00186897354695788,-0.00116970222739378,-0.000968094113540265
725,-0.00203290623195869,-0.00302691484705412,-0.00264091831546917,-0.00283836690460744,-0.00300572703797359,-0.00252710930206542,-0.00167118218353514,-0.00145085252746765
726,-0.00244566595538054,-0.0034771323788852,-0.00288476452549847,-0.00326014506657122,-0.00340417505157872,-0.00290713761507308,-0.00194213524312473,-0.00165838203763793
727,-0.00242638401843856,-0.00342534725323906,-0.00270175927856968,-0.0032172679496073,-0.00336435316073308,-0.00278028963279555,-0.00178625893172818,-0.00140515812392313
728,-0.00253537740652067,-0.0035048926787353,-0.00285463749289539,-0.00327907097764556,-0.00356688063997857,-0.00286819827966618,-0.00184726686477662,-0.00141234990534589
729,-0.00302859603123819,-0.0040395372248205,-0.00365371001902042,-0.00373804898386636,-0.00430535662109252,-0.00366829228199341,-0.00241169802501743,-0.00201120573384958
730,-0.0032541818541476,-0.00441477759359131,-0.00413271764595319,-0.00404700935084702,-0.00489299778200457,-0.00419617432433042,-0.00272969891651194,-0.00240263512005197
731,-0.00268296117165303,-0.00411597265098798,-0.00350183539125964,-0.00374914674304644,-0.00436279074940148,-0.00370577173465511,-0.00218587220121288,-0.00192309330707786
732,-0.00160392598178526,-0.0033800209492269,-0.0021607427823402,-0.00305915594889126,-0.00311693285148474,-0.00256090378392896,-0.00109011056859633,-0.000880728192620151
