wvln_2,SPA_ag,SPB_ag,SPC_ag,SPD_ag,SPE_ag,SPF_ag,SPH_ag,SPI_ag,SPJ_ag,srfa_ag,,out,in
250,1.002319035,0.987472614,0.980646435,1.112895186,1.114200783,1.004657731,1.457959641,1.383523614,1.32287406,1.112291316,,0.990146028,1.388119105
251,0.979586475,0.965221415,0.958736333,1.089000553,1.091522878,0.981340759,1.44486528,1.370056518,1.308255686,1.102524613,,0.967848074,1.374392495
252,0.957408509,0.943552972,0.937623342,1.065322298,1.068894982,0.958115164,1.432070386,1.356794487,1.294244071,1.093095892,,0.946194941,1.361036315
253,0.935881011,0.92253996,0.917208102,1.042087689,1.046549021,0.93531413,1.419506334,1.344194394,1.280698706,1.084024642,,0.925209691,1.348133145
254,0.915066063,0.902222322,0.897381848,1.01953749,1.024788135,0.913321436,1.407398541,1.332748411,1.267571149,1.075517054,,0.904890078,1.335906034
255,0.894957697,0.8825932,0.878166379,0.997906642,1.004074942,0.892581713,1.39707048,1.322926206,1.255286661,1.068437438,,0.885239092,1.325094449
256,0.875491889,0.863594953,0.859567899,0.977318299,0.984745108,0.873378248,1.38965428,1.314972137,1.244290708,1.063470855,,0.866218247,1.316305709
257,0.856361044,0.844962594,0.841364749,0.957278969,0.966237991,0.855034689,1.383941039,1.307933229,1.234580674,1.059555631,,0.847562796,1.308818314
258,0.837223355,0.826405406,0.82329487,0.937187055,0.947771176,0.83665005,1.378134416,1.300657276,1.22600012,1.05521636,,0.828974544,1.301597271
259,0.818125115,0.808015741,0.805402187,0.917307619,0.929242542,0.818182151,1.37226606,1.293805396,1.218370643,1.050606086,,0.810514348,1.294814033
260,0.79930528,0.790065172,0.787880023,0.898301939,0.910903926,0.800020258,1.367281618,1.288873874,1.211496393,1.046685654,,0.792416825,1.289217295
261,0.780799853,0.772518351,0.77073551,0.880061771,0.892951945,0.782302508,1.363624501,1.285761812,1.205082531,1.043747255,,0.774684571,1.284822948
262,0.762485504,0.755100138,0.753825295,0.861886926,0.875519096,0.764964714,1.361300507,1.283129317,1.198752024,1.041559913,,0.757136979,1.281060616
263,0.744089727,0.737462919,0.736784039,0.84325551,0.858156576,0.747707663,1.359028217,1.279609233,1.191932267,1.039321014,,0.739445561,1.276856572
264,0.725178035,0.719189923,0.719003951,0.823869706,0.839762513,0.729973293,1.354093013,1.273851445,1.183836937,1.035598774,,0.72112397,1.270593798
265,0.705663407,0.70023949,0.700380993,0.803734161,0.819994998,0.711578502,1.345649329,1.265669115,1.174303726,1.03000812,,0.70209463,1.261874057
266,0.686064327,0.681208063,0.681686408,0.783343852,0.799863361,0.692997117,1.33614606,1.256845292,1.164248979,1.023975543,,0.682986266,1.252413444
267,0.66668023,0.662454144,0.663365805,0.762976386,0.780011581,0.674494134,1.327216937,1.248351595,1.154038435,1.018385171,,0.664166727,1.243202322
268,0.64710756,0.643568736,0.644821154,0.742230807,0.759822444,0.655639082,1.317585643,1.238601641,1.142359828,1.012288701,,0.645165817,1.232849037
269,0.62697087,0.624136176,0.625472464,0.720735478,0.738679085,0.636062231,1.305760409,1.226088209,1.128089377,1.004721854,,0.625526503,1.219979332
270,0.606441681,0.604193976,0.60546539,0.698657487,0.716749244,0.616076863,1.291205637,1.211219496,1.111892409,0.995806029,,0.605367016,1.204772514
271,0.585794772,0.583903667,0.585116326,0.676269063,0.694366407,0.596104209,1.273806905,1.194831977,1.094768323,0.985916589,,0.584938255,1.187802402
272,0.565083572,0.563492227,0.564672703,0.653661171,0.671662756,0.57617857,1.254595471,1.177461364,1.077032526,0.975286744,,0.564416167,1.169696454
273,0.544289104,0.543191471,0.544329996,0.630856425,0.648689891,0.556201543,1.234906171,1.159477027,1.058702722,0.964079393,,0.543936857,1.15102864
274,0.523500834,0.523019504,0.524014991,0.607887534,0.625466609,0.536213697,1.214676401,1.140694251,1.039457475,0.952149956,,0.523511776,1.131609376
275,0.502863392,0.502869943,0.503509158,0.584791239,0.601998215,0.516331676,1.193070633,1.120631797,1.018816997,0.93921253,,0.503080831,1.110839809
276,0.482371776,0.482639448,0.482797503,0.561558006,0.57840943,0.496550541,1.169967389,1.099259095,0.997017106,0.925432185,,0.482602909,1.088747863
277,0.461893406,0.462230967,0.462038729,0.538142299,0.554922966,0.476762448,1.145867965,1.076936089,0.974897588,0.911369195,,0.462054367,1.065900547
278,0.441338777,0.441651141,0.441284593,0.514645116,0.531582965,0.456954107,1.121175856,1.054047686,0.952689059,0.897402309,,0.441424837,1.042637533
279,0.420680195,0.421040997,0.420444198,0.491353063,0.50820618,0.437236124,1.096144801,1.030991747,0.929827178,0.88367485,,0.420721797,1.018987909
280,0.400106939,0.400657279,0.399657845,0.468531817,0.484868924,0.417793594,1.07110455,1.008075276,0.906311019,0.87036623,,0.400140688,0.995163615
281,0.380209383,0.380956872,0.379512608,0.446383847,0.462169455,0.398937873,1.04654254,0.985431214,0.883298726,0.857772037,,0.380226288,0.971757493
282,0.361342135,0.362186965,0.360375539,0.425011995,0.440514374,0.380847926,1.022799926,0.963107264,0.861526757,0.846017763,,0.361301546,0.949144649
283,0.343060748,0.343932913,0.341828775,0.40425425,0.419598928,0.363282834,0.999745007,0.94096563,0.840139374,0.834723854,,0.342940812,0.926950003
284,0.324938304,0.325804564,0.323461402,0.383955568,0.399081933,0.346004215,0.977119312,0.918881894,0.818273413,0.823472898,,0.324734757,0.904758206
285,0.307259536,0.308044245,0.30550892,0.364202369,0.379023958,0.329119638,0.95446769,0.896942636,0.796288669,0.812102155,,0.306937567,0.882566332
286,0.290461189,0.291047098,0.288350204,0.345149565,0.359612337,0.312823262,0.931435841,0.875323795,0.77482983,0.800598613,,0.289952831,0.860529822
287,0.274644175,0.275006723,0.27210522,0.326974584,0.341134569,0.297239082,0.908776828,0.854407112,0.75413071,0.789468111,,0.273918706,0.839104883
288,0.2597618,0.2600169,0.256778322,0.309846981,0.323882284,0.282451407,0.88761409,0.834612468,0.734239117,0.779382439,,0.25885234,0.818821892
289,0.245749524,0.245994168,0.2423683,0.293777777,0.307763616,0.268482712,0.867900128,0.815804378,0.715128484,0.770240781,,0.244703997,0.799610997
290,0.232533341,0.232750555,0.228866634,0.278677676,0.292449064,0.255308776,0.848850926,0.797504358,0.696724498,0.761459135,,0.23138351,0.781026594
291,0.220089261,0.220258397,0.216230412,0.26448045,0.277881623,0.242869771,0.830115065,0.779598294,0.679016894,0.752667869,,0.218859357,0.762910085
292,0.208442249,0.208643313,0.204384822,0.25114455,0.26426614,0.231072434,0.811766461,0.762325221,0.662057169,0.743718985,,0.207156794,0.74538295
293,0.197562182,0.197885394,0.193271509,0.238608456,0.251587654,0.219844117,0.793949022,0.745833613,0.645858897,0.734545301,,0.196239695,0.728547177
294,0.187340571,0.187752181,0.182855216,0.226782367,0.239512417,0.209146018,0.776878039,0.730133424,0.630383413,0.725190261,,0.185982656,0.712464959
295,0.17776077,0.178156675,0.173139785,0.215648536,0.227907501,0.199002764,0.760739425,0.715212071,0.615659368,0.715789762,,0.17635241,0.697203622
296,0.169010492,0.169349948,0.164206889,0.205348779,0.217112455,0.189570727,0.745643251,0.701043114,0.601869975,0.706676632,,0.167522443,0.682852113
297,0.161194397,0.161505321,0.156101246,0.195964812,0.207371083,0.180921761,0.731582886,0.687595413,0.589134712,0.698100168,,0.159600321,0.66943767
298,0.154082417,0.154414719,0.148725457,0.187330805,0.198442429,0.172816241,0.718206721,0.674842514,0.577316365,0.689995212,,0.152407531,0.656788533
299,0.147409208,0.147817727,0.141948028,0.179250265,0.190025471,0.165003797,0.705153707,0.662740297,0.566222334,0.682152533,,0.145724988,0.644705446
300,0.141060528,0.141540524,0.135604005,0.171609736,0.181973426,0.157470927,0.692335057,0.651133458,0.55561691,0.673911883,,0.139401686,0.633028475
301,0.134993066,0.135476608,0.129551401,0.164346273,0.174217887,0.150281095,0.679776889,0.639861303,0.545301266,0.664647682,,0.133340359,0.621646486
302,0.129342807,0.129821681,0.123902115,0.157577649,0.166911087,0.143524847,0.667748735,0.6289713,0.535452521,0.655010545,,0.127688868,0.610724185
303,0.124311082,0.12488081,0.118866877,0.151487267,0.160283069,0.137292131,0.656595528,0.618599674,0.526393942,0.646163926,,0.122686256,0.600529715
304,0.11985906,0.120578229,0.11440169,0.146003004,0.154280558,0.131553863,0.646207691,0.608765421,0.518075927,0.638083675,,0.11827966,0.591016346
305,0.115777464,0.116571782,0.110286271,0.140875154,0.14865188,0.126195228,0.636161854,0.599398278,0.51018866,0.629925575,,0.114211839,0.581916264
306,0.11188383,0.112696414,0.106371218,0.135952591,0.14323968,0.121112853,0.626243301,0.59036112,0.502534873,0.621417067,,0.110317154,0.573046431
307,0.108034008,0.108974401,0.102591369,0.131189774,0.137995507,0.116222201,0.616461917,0.58145197,0.495044133,0.612892683,,0.106533259,0.56431934
308,0.104246143,0.105435128,0.098957676,0.126616514,0.132949435,0.111528687,0.60691305,0.572621837,0.487721698,0.604560992,,0.102879649,0.555752195
309,0.100789861,0.102109121,0.095598163,0.122371152,0.128250291,0.107182481,0.597804578,0.564063177,0.480679752,0.596389829,,0.099499048,0.547515835
310,0.09780299,0.099012156,0.092568834,0.118514635,0.123971343,0.103264334,0.5892165,0.555889984,0.473977292,0.588337921,,0.096461327,0.539694592
311,0.095077057,0.096133533,0.089746046,0.11491824,0.119995637,0.099673887,0.580915705,0.547991825,0.467535207,0.580386817,,0.093652212,0.532147579
312,0.092398135,0.09343407,0.087009511,0.111444576,0.116188831,0.096284415,0.572649662,0.540222504,0.461236089,0.572486181,,0.090947238,0.524702752
313,0.089705201,0.090795479,0.084342949,0.108026875,0.11245422,0.092969553,0.564255672,0.532423424,0.454904376,0.564486618,,0.088281209,0.51719449
314,0.087006719,0.088129741,0.081769007,0.104649714,0.108748155,0.089655371,0.555668875,0.524494215,0.448416362,0.556288493,,0.085635155,0.509526484
315,0.084510148,0.085608585,0.079408785,0.101517505,0.105284189,0.086567615,0.547273168,0.51668619,0.442017943,0.548153429,,0.08317584,0.501992434
316,0.082440017,0.083446659,0.077375822,0.098852258,0.102305996,0.08397394,0.539514655,0.509306427,0.4360163,0.540413402,,0.081087499,0.494945794
317,0.080570908,0.081471224,0.075446644,0.096413082,0.09956061,0.081637656,0.532092533,0.502134838,0.430187138,0.532892531,,0.079162926,0.48813817
318,0.078479566,0.079338227,0.073255907,0.093758561,0.096584201,0.079100478,0.524367891,0.494716845,0.424068042,0.525176291,,0.077024567,0.481050926
319,0.07621042,0.077082956,0.070917127,0.090948367,0.093468527,0.076424702,0.516359845,0.487108392,0.417702938,0.517273002,,0.074736834,0.473723725
320,0.074151723,0.075021211,0.068891787,0.088414034,0.090717458,0.074056308,0.508577428,0.479737607,0.411506258,0.509497376,,0.072688241,0.466607097
321,0.072391027,0.073207707,0.067261726,0.08625011,0.088418612,0.072052619,0.501122867,0.472581598,0.405551976,0.502001977,,0.070953487,0.459752147
322,0.070671124,0.071400336,0.065676564,0.084167373,0.086185033,0.070025522,0.493635574,0.465111095,0.399522509,0.494742093,,0.069249341,0.452756393
323,0.068851418,0.069487268,0.063949563,0.081993289,0.083819685,0.067804884,0.485927405,0.457195407,0.39326869,0.487653076,,0.067429416,0.445463834
324,0.067019713,0.067598765,0.062203918,0.079784126,0.081480114,0.065613229,0.478137448,0.449410842,0.386958878,0.480675088,,0.065607465,0.438169056
325,0.06524771,0.065807586,0.060527415,0.077613487,0.079280034,0.063597673,0.470394658,0.442099685,0.380711553,0.473734899,,0.063860904,0.431068632
326,0.063519478,0.063991855,0.058853537,0.0755458,0.077145695,0.061631178,0.462737421,0.434871921,0.374460502,0.466747889,,0.062121623,0.424023281
327,0.061818795,0.062068635,0.05713118,0.073628845,0.075026418,0.05961193,0.455202427,0.427372846,0.368148528,0.459683456,,0.060339537,0.416907934
328,0.06015587,0.060204879,0.055447216,0.071851064,0.073057452,0.057679359,0.447872734,0.419785761,0.361857453,0.452713426,,0.058602655,0.409838649
329,0.058543218,0.058572659,0.053896495,0.070177148,0.071360619,0.055976673,0.440788928,0.41235698,0.355663977,0.446022646,,0.057004124,0.402936628
330,0.056946035,0.057028645,0.052418518,0.068520532,0.069717041,0.054331402,0.433676804,0.404950738,0.349439798,0.439534558,,0.055464399,0.396022447
331,0.055316844,0.055341301,0.050904849,0.066791068,0.067829316,0.052490336,0.426202386,0.397327879,0.343007734,0.433099799,,0.053854331,0.388846
332,0.053676748,0.053558559,0.049351151,0.065059166,0.06587066,0.050558698,0.418564755,0.389614025,0.336502792,0.426736431,,0.052195486,0.381560524
333,0.0520798,0.0518719,0.047809023,0.063472367,0.064244117,0.048817723,0.411229521,0.382117471,0.330208482,0.420531496,,0.050586908,0.374518492
334,0.050536669,0.050303846,0.046310975,0.062024238,0.062931486,0.047267496,0.404280077,0.37488258,0.324112445,0.414411925,,0.049050497,0.367758367
335,0.049025589,0.048748656,0.044878123,0.060587746,0.061582493,0.045686103,0.397490985,0.367739725,0.317967849,0.408173197,,0.047550789,0.361066186
336,0.047545078,0.047172212,0.043516775,0.059142656,0.060089425,0.044044273,0.390762491,0.360584303,0.311718564,0.40181803,,0.046078022,0.354355119
337,0.046122153,0.045632643,0.042221268,0.057801452,0.058642932,0.04255022,0.384154694,0.353396935,0.305542262,0.395601088,,0.044658688,0.347697964
338,0.044729908,0.044146305,0.040955551,0.056595899,0.05735542,0.04125819,0.377692121,0.346207271,0.299541149,0.389631169,,0.043277255,0.341146847
339,0.043246728,0.042650575,0.039636703,0.055402161,0.056171979,0.039936049,0.371325871,0.339123896,0.293662674,0.383741067,,0.041844668,0.334704147
340,0.041663318,0.041135054,0.038251023,0.054171742,0.055062951,0.038472951,0.365067773,0.33227111,0.287878492,0.377817277,,0.040349798,0.328405792
341,0.040289972,0.039750045,0.036978171,0.053089742,0.054104337,0.037153016,0.359104142,0.325787088,0.282257884,0.371966644,,0.039006063,0.322383038
342,0.039329836,0.038582696,0.035933033,0.052273067,0.053326924,0.036179058,0.353530915,0.319695872,0.276819969,0.366256124,,0.037948522,0.316682252
343,0.038346366,0.037365938,0.034851524,0.051406644,0.052507298,0.03517237,0.347956114,0.313543225,0.271306739,0.36046698,,0.036854609,0.310935359
344,0.036867614,0.035823118,0.033451255,0.050165477,0.051426134,0.033720996,0.341990493,0.306891486,0.265479383,0.35440918,,0.035380662,0.304787121
345,0.035203673,0.034180332,0.031945083,0.048840135,0.050282378,0.032123775,0.336027005,0.300167455,0.259667669,0.348493534,,0.033776363,0.29862071
346,0.033910225,0.032820032,0.030700528,0.047908187,0.049405254,0.030902274,0.330693016,0.2940569,0.254365,0.343275905,,0.032476928,0.293038305
347,0.03294605,0.031739191,0.029703334,0.047309756,0.048774566,0.030046891,0.325916555,0.288490959,0.249501252,0.338403306,,0.031462859,0.287969589
348,0.031943675,0.030717175,0.028725173,0.04668938,0.04817561,0.029249655,0.321240742,0.282985195,0.244694465,0.333056772,,0.030462008,0.282973468
349,0.030822506,0.029645046,0.027673681,0.045935499,0.047512732,0.028353381,0.31655426,0.277453512,0.239855261,0.327304613,,0.029380411,0.277954344
350,0.029750619,0.028512688,0.02657394,0.045145941,0.046794513,0.027334927,0.31204272,0.272148057,0.235141917,0.321961458,,0.028279082,0.273110898
351,0.02879552,0.027386232,0.025498112,0.0444025,0.046083582,0.026285683,0.30778543,0.267163004,0.230636057,0.317197815,,0.027226621,0.268528164
352,0.027891688,0.02641812,0.024567781,0.043756361,0.045502221,0.025429231,0.303717566,0.262379327,0.226311993,0.312353703,,0.02629253,0.264136295
353,0.02700363,0.025647256,0.023808156,0.043204858,0.045069447,0.024822243,0.299743936,0.257697439,0.222148094,0.307089324,,0.025486347,0.259863156
354,0.026162565,0.024887817,0.023059077,0.042646451,0.044601815,0.024194269,0.295727955,0.253067668,0.218135695,0.301740339,,0.024703153,0.255643773
355,0.025385195,0.024008957,0.022207288,0.042006595,0.043978711,0.023369604,0.291613269,0.248484108,0.214256467,0.29659402,,0.023867147,0.251451281
356,0.02462278,0.023095969,0.02132516,0.04131136,0.04330932,0.022526442,0.287575141,0.24404072,0.210458845,0.291620124,,0.023014637,0.247358235
357,0.023841841,0.022257248,0.020508832,0.0406103,0.042713094,0.021852284,0.283776626,0.239827716,0.206713816,0.286750636,,0.02220264,0.243439386
358,0.023117082,0.021543485,0.019826024,0.039974554,0.042186462,0.021316498,0.280160603,0.235848558,0.203119694,0.281989526,,0.02149553,0.239709618
359,0.022521555,0.020967218,0.019305677,0.039449932,0.04168218,0.020826228,0.276597112,0.232061071,0.199766315,0.277340195,,0.020931483,0.236141499
360,0.021934479,0.020395562,0.018785527,0.038888308,0.041082051,0.020260143,0.272875165,0.228284532,0.196477276,0.272674149,,0.020371856,0.232545658
361,0.021183602,0.019661733,0.018054927,0.038090602,0.040261744,0.019508023,0.268783781,0.224312613,0.192999566,0.267846033,,0.019633421,0.228698653
362,0.020386175,0.018891293,0.017250811,0.037176318,0.039367622,0.018727581,0.264487142,0.220291985,0.189432456,0.26304368,,0.01884276,0.224737194
363,0.019817619,0.01836819,0.016697791,0.036437114,0.038687284,0.018217321,0.260355395,0.216559788,0.186070818,0.258629163,,0.018294534,0.220995334
364,0.019455694,0.01805719,0.016378367,0.035851298,0.038152118,0.017944567,0.256415255,0.213110715,0.182940035,0.254491107,,0.01796375,0.217488669
365,0.019013381,0.017642308,0.015971612,0.035120454,0.037377757,0.017584208,0.252388316,0.209635778,0.179825592,0.250105134,,0.017542434,0.213949895
366,0.018363534,0.016998345,0.015339883,0.034100757,0.03623168,0.01696486,0.24807737,0.205957539,0.176606523,0.24538517,,0.016900587,0.210213811
367,0.017598649,0.016259801,0.014593159,0.032862913,0.034917698,0.016130166,0.243408918,0.202085145,0.173289951,0.240827557,,0.016150536,0.206261338
368,0.016846311,0.015556409,0.013879808,0.031552023,0.033626803,0.015215355,0.238465708,0.198123025,0.169954348,0.236711739,,0.015427509,0.202181027
369,0.016281862,0.014982762,0.013388973,0.030433952,0.032483847,0.014507513,0.233615999,0.194332793,0.166796155,0.232823309,,0.014884532,0.198248315
370,0.015958794,0.014556989,0.013178804,0.029611067,0.031508426,0.014142923,0.229044564,0.190840328,0.163881842,0.228955078,,0.014564862,0.194588911
371,0.01557213,0.014101959,0.012928955,0.028686497,0.030442363,0.013782145,0.224320726,0.187331804,0.160875751,0.225076711,,0.014201015,0.19084276
372,0.014868914,0.013476389,0.012363951,0.027323048,0.029065172,0.013116048,0.219067202,0.1835182,0.157499272,0.221180129,,0.013569751,0.186694891
373,0.014103722,0.01285576,0.011712377,0.025821585,0.027544089,0.012343851,0.213631306,0.179571546,0.154050055,0.217204578,,0.01289062,0.182417636
374,0.013606948,0.012453734,0.011283375,0.024590921,0.026119944,0.011752037,0.208473062,0.175756791,0.150916254,0.21311257,,0.012448019,0.178382035
375,0.013275059,0.012150111,0.011002241,0.023551705,0.024806912,0.011277327,0.203476306,0.172116488,0.148024529,0.209124754,,0.012142471,0.174539107
376,0.012848142,0.011711871,0.010654823,0.022441157,0.023527408,0.010728993,0.198316786,0.168600137,0.145130303,0.205524606,,0.011738279,0.170682409
377,0.012330761,0.011172826,0.010236878,0.021207242,0.022234499,0.010120509,0.193038159,0.16514762,0.142196441,0.20214292,,0.011246822,0.166794074
378,0.011884884,0.010727923,0.009870415,0.019929763,0.020904212,0.009586688,0.187902445,0.161698242,0.139313585,0.198550327,,0.010827741,0.162971424
379,0.011510705,0.010382901,0.009555458,0.018657979,0.019537822,0.009122498,0.18294529,0.158261342,0.136492893,0.194796326,,0.010483021,0.159233175
380,0.011061433,0.009975198,0.00918069,0.017410928,0.018158909,0.008595039,0.177997497,0.154905423,0.133670943,0.1913626,,0.01007244,0.155524621
381,0.010532919,0.009503291,0.008769899,0.016236023,0.016815265,0.008015277,0.173079259,0.151695423,0.130877538,0.1882994,,0.009602036,0.151884073
382,0.010116054,0.009181534,0.008528074,0.015217617,0.015583091,0.007585824,0.168468316,0.148683175,0.128267046,0.185080485,,0.009275221,0.148472846
383,0.009883447,0.009068111,0.008505346,0.014346208,0.014479081,0.007367705,0.164251844,0.145840157,0.125892024,0.181530005,,0.009152301,0.145328008
384,0.009649074,0.008884579,0.008428616,0.013428648,0.013401741,0.00711841,0.160108353,0.142988008,0.123593443,0.178233402,,0.008987423,0.142229934
385,0.009287799,0.008461193,0.008124531,0.012370078,0.012300549,0.0066827,0.155841742,0.140034397,0.121249606,0.175602926,,0.008624507,0.139041915
386,0.008940349,0.008056754,0.007821063,0.011421045,0.011321064,0.006258847,0.151766092,0.137201286,0.118917774,0.173275365,,0.008272722,0.135961718
387,0.008747808,0.007921191,0.007742309,0.010811202,0.010597899,0.006047639,0.148182676,0.134694571,0.116682403,0.170797605,,0.008137103,0.13318655
388,0.008640509,0.007908429,0.007759845,0.010382617,0.01005713,0.005961394,0.144920377,0.132388195,0.114596372,0.167983015,,0.008102927,0.130634981
389,0.008500751,0.007787911,0.007671648,0.009894578,0.009566795,0.005841818,0.141706859,0.130084538,0.11268024,0.164782782,,0.00798677,0.128157212
390,0.008267793,0.007504832,0.007446478,0.009281314,0.00899002,0.005600986,0.138487248,0.1277218,0.110774512,0.161635048,,0.007739701,0.125661187
391,0.007919314,0.007089903,0.007133261,0.008565366,0.008214444,0.005197344,0.135312198,0.125309367,0.108678982,0.159101958,,0.007380826,0.123100182
392,0.007581833,0.006720303,0.006885396,0.007940296,0.007433588,0.004792953,0.132373328,0.122995981,0.106572565,0.156883726,,0.007062511,0.120647291
393,0.007459338,0.006644268,0.00690268,0.007686044,0.00701163,0.004661113,0.12993089,0.121001336,0.104852122,0.154173981,,0.007002095,0.118594783
394,0.007465735,0.006738269,0.007058337,0.007670577,0.006868078,0.004708624,0.127810713,0.119199079,0.103421768,0.15104243,,0.007087447,0.11681052
395,0.007254715,0.006547494,0.00693253,0.007394504,0.006521539,0.004516267,0.125449409,0.11715642,0.101745625,0.148369969,,0.006911579,0.114783818
396,0.006805853,0.006026859,0.006492389,0.006791153,0.005909924,0.004046229,0.122766177,0.11483236,0.099713334,0.146417401,,0.0064417,0.112437291
397,0.006550679,0.005696843,0.006239247,0.006397132,0.005555864,0.003795627,0.120348544,0.112732551,0.097813668,0.144589586,,0.006162256,0.110298254
398,0.006674069,0.005799459,0.006406534,0.006456612,0.005684339,0.003981048,0.118490362,0.111115229,0.096320854,0.142508677,,0.006293354,0.108642148
399,0.006811703,0.00594648,0.00661863,0.006557873,0.005854796,0.004192725,0.116816649,0.109678853,0.095008499,0.140350329,,0.006458938,0.107168
400,0.006672302,0.005824371,0.006576167,0.006378109,0.005712822,0.004112747,0.115005039,0.108138365,0.09364938,0.138273266,,0.006357613,0.105597595
401,0.006372654,0.005559901,0.006411811,0.006089086,0.005395798,0.003912345,0.113126154,0.106454818,0.092192857,0.136243026,,0.006114789,0.10392461
402,0.0060795,0.005324064,0.006291031,0.005891517,0.005095575,0.003792031,0.111291331,0.104653818,0.090635093,0.134170623,,0.005898198,0.102193414
403,0.00584472,0.005123731,0.006168471,0.005729409,0.004861784,0.003685139,0.109479042,0.102860605,0.089046839,0.131982321,,0.005712307,0.100462162
404,0.005682275,0.0049236,0.005961112,0.005493339,0.004694063,0.003475161,0.107642405,0.101200516,0.087515342,0.129634684,,0.005522329,0.098786088
405,0.005566522,0.004726602,0.005748462,0.005247025,0.004532798,0.00324061,0.105839484,0.099621831,0.086086541,0.127319839,,0.005347195,0.097182619
406,0.005458202,0.004549991,0.005662451,0.005114227,0.004305861,0.003127575,0.104162567,0.098009263,0.084784295,0.125309733,,0.005223548,0.095652042
407,0.00534081,0.004404375,0.00564856,0.005065508,0.00406275,0.003102101,0.102570481,0.096380597,0.083543268,0.123545221,,0.005131249,0.094164782
408,0.00521218,0.004291143,0.005538682,0.004976277,0.003921013,0.003020633,0.100943206,0.094832889,0.082248523,0.121777452,,0.005014002,0.092674872
409,0.005064174,0.0041735,0.00533518,0.004820747,0.003855559,0.002851266,0.099276988,0.093368503,0.080881551,0.119901564,,0.004857618,0.091175681
410,0.004881144,0.003976426,0.00519283,0.00466029,0.003708579,0.002664844,0.097674865,0.091904311,0.079514563,0.117939449,,0.004683467,0.089697913
411,0.004649252,0.003690096,0.005138392,0.004498076,0.003435668,0.002490565,0.096159103,0.090407047,0.078188912,0.11597169,,0.00449258,0.088251687
412,0.004361369,0.003393174,0.005022798,0.00425627,0.003150758,0.002299737,0.094640909,0.088923809,0.076905075,0.114137738,,0.004259114,0.086823264
413,0.004071191,0.003172738,0.004809578,0.003949223,0.002957466,0.002111335,0.09310952,0.087521753,0.075681806,0.112494286,,0.004017836,0.085437693
414,0.003959394,0.003121347,0.004709803,0.003785062,0.002916765,0.002052812,0.091720985,0.086303073,0.074584998,0.110927144,,0.003930181,0.084203019
415,0.004099644,0.003242411,0.004834772,0.003870525,0.003022383,0.002168536,0.090547474,0.085281283,0.073621573,0.109323516,,0.004058942,0.08315011
416,0.004207841,0.003274443,0.004911263,0.00394146,0.003080666,0.002217199,0.089360831,0.084196622,0.07260569,0.107635273,,0.004131182,0.082054381
417,0.004028792,0.003004699,0.004694369,0.003753246,0.002925396,0.001995956,0.087962964,0.082835256,0.071389499,0.105879341,,0.003909286,0.08072924
418,0.003726099,0.002656214,0.004381728,0.003458818,0.002664722,0.001699311,0.086548208,0.081413107,0.070152689,0.104270431,,0.003588013,0.079371335
419,0.003538397,0.002519966,0.004245586,0.003281847,0.002461897,0.001587055,0.085365241,0.080212245,0.069120284,0.103013316,,0.003434649,0.07823259
420,0.003423704,0.00249201,0.004208952,0.003180235,0.002318271,0.001585196,0.084270681,0.07913121,0.068190499,0.101846533,,0.003374889,0.077197463
421,0.003236154,0.002329753,0.004069237,0.003013491,0.002176006,0.001500565,0.082988938,0.07793287,0.067147664,0.100356804,,0.003211715,0.076023157
422,0.003037173,0.002092346,0.003874701,0.002828278,0.002060402,0.001376844,0.081629509,0.076683011,0.066068834,0.098685527,,0.003001407,0.074793785
423,0.00300821,0.002019316,0.003821016,0.002778954,0.002045217,0.00139616,0.080526914,0.075625901,0.065198788,0.097311609,,0.002949514,0.073783868
424,0.003069722,0.002061334,0.003844176,0.002792948,0.002049698,0.001484605,0.079624571,0.074715398,0.064453187,0.096212298,,0.002991744,0.072931052
425,0.002908721,0.001909064,0.003645965,0.002595341,0.001858245,0.001338965,0.078513213,0.073644737,0.063452891,0.094923253,,0.00282125,0.07187028
426,0.002496812,0.001517908,0.003208362,0.002169686,0.001474471,0.000936153,0.077113527,0.072361436,0.062158171,0.09334587,,0.002407694,0.070544378
427,0.002192915,0.00120491,0.002895998,0.001854994,0.00119811,0.000636636,0.075802247,0.071166546,0.060996003,0.091886306,,0.002097941,0.069321599
428,0.002178785,0.001140786,0.002882376,0.00182846,0.00117744,0.000623205,0.074769008,0.070209948,0.060177533,0.090757194,,0.002067315,0.068385496
429,0.002245954,0.001164386,0.002926982,0.001911451,0.00123165,0.000687014,0.073784871,0.069309463,0.05944395,0.089717211,,0.002112441,0.067512761
430,0.00220361,0.001123925,0.002831555,0.001927291,0.001196217,0.000645337,0.072670239,0.068310513,0.058576587,0.088559425,,0.00205303,0.066519113
431,0.002051574,0.001009194,0.002666354,0.001827842,0.001071617,0.000531119,0.071533961,0.067255421,0.05763906,0.087296271,,0.001909041,0.065476147
432,0.001829292,0.000839615,0.002524163,0.001607126,0.000889486,0.000404738,0.070496734,0.066208183,0.056723939,0.085977764,,0.001731023,0.064476285
433,0.001605259,0.000656104,0.002381449,0.001343397,0.000691196,0.00027457,0.069501639,0.065178117,0.055819904,0.084642686,,0.001547604,0.063499887
434,0.001442143,0.000499062,0.00219522,0.001124806,0.000515667,0.000136271,0.068459077,0.064156604,0.05489641,0.083326565,,0.001378809,0.062504031
435,0.001340309,0.000385068,0.002015284,0.000966914,0.000385846,1.91E-06,0.067401986,0.063155184,0.054001697,0.08211433,,0.001246887,0.061519622
436,0.001266627,0.000312275,0.001916203,0.000853144,0.000308883,-0.000113955,0.06640152,0.062187631,0.05320402,0.08109594,,0.001165035,0.060597724
437,0.001181276,0.000240121,0.00186095,0.000764354,0.000243444,-0.000207852,0.065440305,0.061248921,0.052450203,0.080182822,,0.001094115,0.059713143
438,0.001040427,0.000105939,0.001745414,0.000680546,0.000120278,-0.000287098,0.064447229,0.060321299,0.051617806,0.079194194,,0.000963927,0.058795445
439,0.000871645,-8.13E-05,0.0015528,0.000575949,-5.75E-05,-0.000369254,0.063424204,0.059382551,0.050706118,0.078085876,,0.000781038,0.057837624
440,0.000763977,-0.000250644,0.001344849,0.000419462,-0.000221976,-0.000483436,0.062436777,0.058411364,0.049821784,0.076934033,,0.000619394,0.056889975
441,0.000723281,-0.000365833,0.001164671,0.000224056,-0.000342524,-0.000626832,0.061507233,0.057434254,0.049014688,0.075833746,,0.000507373,0.055985392
442,0.000642725,-0.000445331,0.001026713,5.77E-05,-0.000444733,-0.000758293,0.060594799,0.056537717,0.048252299,0.074903922,,0.000408036,0.055128272
443,0.000492785,-0.000501687,0.000942091,-3.05E-05,-0.00053025,-0.000840307,0.059694106,0.055762837,0.047518344,0.074174829,,0.000311063,0.054325096
444,0.000399059,-0.00054362,0.000911438,-4.21E-05,-0.000557145,-0.000856048,0.058866215,0.055046754,0.046829332,0.07350467,,0.000255625,0.053580767
445,0.000433275,-0.000584267,0.000914076,-7.46E-06,-0.000516293,-0.000818434,0.058140783,0.05433145,0.046193082,0.072772368,,0.000254361,0.052888438
446,0.000457396,-0.00066424,0.000862846,-3.26E-05,-0.000515011,-0.000825575,0.057425987,0.05360224,0.045576008,0.071929432,,0.000218667,0.052201412
447,0.000343316,-0.000807972,0.000698054,-0.000194166,-0.000640318,-0.000952259,0.056637684,0.052854121,0.044941823,0.070969863,,7.77996E-05,0.051477876
448,0.000162089,-0.000955789,0.000519917,-0.000392738,-0.000806639,-0.001118866,0.05580714,0.05210053,0.044275658,0.069966777,,-9.1261E-05,0.050727776
449,1.96E-05,-0.00104339,0.000442201,-0.000508701,-0.000906315,-0.001224955,0.05498656,0.051354485,0.043571288,0.069012658,,-0.000193861,0.049970778
450,-0.000104629,-0.001115726,0.000383495,-0.000598816,-0.000985467,-0.001307577,0.054177445,0.050599173,0.042851619,0.068153911,,-0.000278953,0.049209413
451,-0.000273774,-0.001255906,0.000199153,-0.000776714,-0.001142268,-0.001453192,0.053362179,0.049809576,0.042147034,0.067406886,,-0.000443509,0.048439596
452,-0.000477499,-0.001456371,-7.42E-05,-0.001013584,-0.001357231,-0.001648471,0.05255339,0.048997802,0.041453661,0.066693,,-0.000669345,0.047668285
453,-0.000661668,-0.001656806,-0.000296475,-0.001199161,-0.001545871,-0.001825608,0.051780194,0.048195975,0.040747831,0.065886904,,-0.00087165,0.046908
454,-0.000769332,-0.001775381,-0.000393767,-0.001275531,-0.001639793,-0.001918249,0.05108233,0.047479035,0.040098716,0.065040937,,-0.000979493,0.046220027
455,-0.000749925,-0.001719939,-0.000354168,-0.001235625,-0.001590368,-0.001868009,0.050503091,0.046951308,0.039645292,0.064361061,,-0.000941344,0.045699897
456,-0.000641529,-0.001545072,-0.000240989,-0.001135389,-0.00145443,-0.001724695,0.050001051,0.046566246,0.039347528,0.063842425,,-0.000809197,0.045304942
457,-0.000596404,-0.001488856,-0.000210764,-0.001109482,-0.00141629,-0.001669537,0.04942945,0.046089509,0.038936744,0.063217556,,-0.000765341,0.044818568
458,-0.000688352,-0.001646439,-0.000334291,-0.001216182,-0.001550664,-0.001781328,0.048726733,0.045419398,0.038297852,0.062372725,,-0.000889694,0.044147994
459,-0.000832859,-0.001828812,-0.000518336,-0.001364605,-0.001714146,-0.001935265,0.048002021,0.044717725,0.03762452,0.06151559,,-0.001060002,0.043448088
460,-0.000950267,-0.001892067,-0.000669228,-0.001473875,-0.001789091,-0.002023618,0.047347516,0.044112785,0.037073224,0.060813283,,-0.001170521,0.042844509
461,-0.001011082,-0.001887957,-0.0007416,-0.001526531,-0.001790584,-0.002041123,0.046764008,0.043568418,0.036612578,0.060236342,,-0.001213547,0.042315001
462,-0.001014005,-0.001892245,-0.000722723,-0.001531878,-0.001760642,-0.002008821,0.04622819,0.043028774,0.036179599,0.059722761,,-0.001209658,0.041812188
463,-0.001035514,-0.001939428,-0.000706726,-0.00156035,-0.001772933,-0.001990908,0.045686841,0.042478546,0.035718161,0.059159623,,-0.001227222,0.041294516
464,-0.001145093,-0.002040668,-0.000786165,-0.001673612,-0.0018841,-0.002045139,0.045090387,0.04191619,0.03518785,0.05847308,,-0.001323975,0.040731475
465,-0.001255993,-0.002126127,-0.000880979,-0.001785824,-0.002003021,-0.002117623,0.044473816,0.041370969,0.034662821,0.057802767,,-0.001421033,0.040169202
466,-0.001240531,-0.002110104,-0.00086429,-0.001773654,-0.002000339,-0.002124878,0.043895754,0.040877056,0.034240078,0.057349394,,-0.001404975,0.039670963
467,-0.001167603,-0.002061474,-0.000811172,-0.001702672,-0.001943369,-0.002107446,0.043348231,0.040400523,0.033858452,0.056995358,,-0.00134675,0.039202402
468,-0.00120778,-0.002129907,-0.000898337,-0.00173597,-0.002002203,-0.002171169,0.042789293,0.039874974,0.033373731,0.056459643,,-0.001412008,0.038679332
469,-0.00136411,-0.002303042,-0.001102247,-0.001877781,-0.00217354,-0.002310376,0.042201076,0.039299562,0.032793875,0.05574,,-0.0015898,0.038098171
470,-0.001500347,-0.002435756,-0.001235225,-0.0020008,-0.002313709,-0.002429919,0.041591409,0.038730316,0.032251859,0.055054868,,-0.001723776,0.037524528
471,-0.001568312,-0.002484111,-0.001255398,-0.002060966,-0.002371044,-0.002490842,0.040984993,0.038192091,0.031790137,0.054466832,,-0.001769274,0.036989074
472,-0.001624351,-0.002526899,-0.001296028,-0.002113745,-0.002406234,-0.002523788,0.040429295,0.037674809,0.031346216,0.053845592,,-0.001815759,0.03648344
473,-0.001695569,-0.002601335,-0.001408054,-0.002186656,-0.002453831,-0.002548019,0.03994179,0.037177567,0.030896724,0.053176053,,-0.001901653,0.03600536
474,-0.001740631,-0.002654546,-0.001476906,-0.002241983,-0.002485654,-0.002548707,0.039491478,0.036724684,0.03050647,0.052669438,,-0.001957361,0.035574211
475,-0.001745235,-0.00265952,-0.001447094,-0.002266896,-0.002496813,-0.002535176,0.03903114,0.036310947,0.030186677,0.052399259,,-0.001950616,0.035176255
476,-0.001772881,-0.002676139,-0.001447564,-0.002329825,-0.002551161,-0.002581544,0.038492944,0.035853806,0.029799996,0.052059817,,-0.001965528,0.034715582
477,-0.001872781,-0.002753889,-0.001581287,-0.002474925,-0.002687842,-0.002731464,0.037849344,0.035301763,0.029249277,0.051398326,,-0.002069319,0.034133461
478,-0.001975124,-0.002845025,-0.001728882,-0.002595735,-0.00280437,-0.002861507,0.037249348,0.03477835,0.028700158,0.05065455,,-0.00218301,0.033575952
479,-0.002000218,-0.002888406,-0.001749066,-0.00258036,-0.002791028,-0.002842238,0.036842763,0.034412911,0.028337936,0.050116627,,-0.002212563,0.03319787
480,-0.001974684,-0.002870152,-0.001693899,-0.002489296,-0.002706483,-0.002736697,0.036527359,0.034123499,0.028094919,0.049737272,,-0.002179578,0.032915259
481,-0.001959548,-0.002800801,-0.00167525,-0.002437258,-0.002661255,-0.002668579,0.036129081,0.033764467,0.027821259,0.049355773,,-0.0021452,0.032571603
482,-0.001967853,-0.002733121,-0.001701843,-0.00244713,-0.002675847,-0.002673222,0.035655108,0.033328614,0.027477139,0.048981563,,-0.002134272,0.03215362
483,-0.001986562,-0.002737723,-0.001731176,-0.002493174,-0.002721388,-0.002736321,0.035204921,0.032881469,0.027082876,0.048695088,,-0.00215182,0.031723089
484,-0.002002673,-0.002795446,-0.001752198,-0.002543278,-0.00276965,-0.00281739,0.034805816,0.032463379,0.026681422,0.048405944,,-0.002183439,0.031316872
485,-0.00200563,-0.002820595,-0.001781104,-0.002563728,-0.002792656,-0.002858693,0.034427014,0.032091842,0.026332733,0.047894282,,-0.002202443,0.03095053
486,-0.002013,-0.00280936,-0.001828012,-0.002570188,-0.002801942,-0.002856316,0.034033951,0.031749292,0.026034356,0.047192515,,-0.002216791,0.030605866
487,-0.002079835,-0.002854236,-0.001896751,-0.002636271,-0.002855575,-0.002870888,0.033586763,0.031374665,0.025712336,0.046614663,,-0.002276941,0.030224588
488,-0.002209934,-0.002975689,-0.001983969,-0.002775461,-0.002962915,-0.002929114,0.033092555,0.030948203,0.025332619,0.046257773,,-0.002389864,0.029791126
489,-0.002322428,-0.003073039,-0.002069074,-0.002899776,-0.003050883,-0.002998213,0.032634568,0.030516234,0.02493425,0.045845819,,-0.00248818,0.029361684
490,-0.002352706,-0.003073144,-0.002120391,-0.002934297,-0.003062583,-0.00303511,0.032268258,0.030129906,0.024568613,0.045257186,,-0.002515414,0.028988926
491,-0.002283936,-0.002994226,-0.002074522,-0.002857961,-0.002994051,-0.002989617,0.0319644,0.029835514,0.024298424,0.044803458,,-0.002450895,0.028699446
492,-0.002148848,-0.002897067,-0.001925042,-0.002704586,-0.002887156,-0.002864096,0.031659495,0.029622807,0.024129741,0.044691178,,-0.002323652,0.028470681
493,-0.002136855,-0.002948466,-0.001886888,-0.002682413,-0.00291994,-0.002862909,0.031211779,0.029281502,0.023851023,0.044494438,,-0.00232407,0.028114768
494,-0.002397122,-0.003265266,-0.002141652,-0.002956289,-0.003221723,-0.003151971,0.030526219,0.028641014,0.023287261,0.043795792,,-0.002601346,0.027484831
495,-0.002683858,-0.003566395,-0.002434484,-0.003251999,-0.003503972,-0.003450645,0.029858753,0.027978883,0.022707252,0.042946808,,-0.002894912,0.026848296
496,-0.002668047,-0.003494474,-0.002415371,-0.003204884,-0.003399106,-0.003386692,0.029530399,0.027667133,0.022474472,0.042489306,,-0.002859297,0.026557334
497,-0.002444834,-0.003202641,-0.00219148,-0.002944884,-0.003077916,-0.003098817,0.029422687,0.027583697,0.022464566,0.042334284,,-0.002612985,0.026490317
498,-0.002306717,-0.003074397,-0.00208236,-0.002828706,-0.002955298,-0.002958473,0.029211691,0.027377109,0.022327857,0.042102163,,-0.002487825,0.026305552
499,-0.002318343,-0.003156135,-0.002143472,-0.002908285,-0.003075446,-0.003025294,0.028818886,0.026976415,0.02199793,0.041686678,,-0.002539317,0.025931077
500,-0.002378983,-0.003255572,-0.002242464,-0.003017288,-0.0032175,-0.00313435,0.028341143,0.026510494,0.021613264,0.041181361,,-0.002625673,0.0254883
501,-0.002447407,-0.003304947,-0.002317661,-0.003086136,-0.003292401,-0.003208659,0.027850547,0.026052281,0.021239122,0.040655855,,-0.002690005,0.025047317
502,-0.002545932,-0.003375205,-0.002386765,-0.003150001,-0.003353997,-0.003269418,0.027385406,0.02560956,0.02085667,0.040143902,,-0.002769301,0.024617212
503,-0.00265437,-0.003473282,-0.002445634,-0.003209007,-0.003414987,-0.003315815,0.026974208,0.025192483,0.020481956,0.039689698,,-0.002857762,0.024216216
504,-0.002678965,-0.003499782,-0.002450078,-0.003205197,-0.00341759,-0.003311518,0.026631937,0.024818061,0.02018843,0.039355626,,-0.002876275,0.023879476
505,-0.002593152,-0.003414615,-0.002395126,-0.003130233,-0.003348504,-0.003253237,0.026341164,0.024482125,0.019993574,0.039126351,,-0.002800965,0.023605621
506,-0.002530337,-0.003334973,-0.002365244,-0.003106044,-0.003308304,-0.003220424,0.026011133,0.02413441,0.0197846,0.038823605,,-0.002743518,0.023310048
507,-0.002587093,-0.00335434,-0.002419756,-0.003210201,-0.003368822,-0.003267597,0.025579495,0.023737437,0.019475814,0.038335745,,-0.002787063,0.022930915
508,-0.002680395,-0.003433863,-0.002505694,-0.003335189,-0.003468062,-0.003341205,0.0250936,0.023316912,0.019120881,0.03784903,,-0.002873317,0.022510464
509,-0.002706512,-0.003505941,-0.002551409,-0.003357781,-0.003523276,-0.003372618,0.024623411,0.022911633,0.018796466,0.037556298,,-0.002921287,0.022110503
510,-0.0026588,-0.003508794,-0.002528165,-0.003285708,-0.003495386,-0.003340262,0.024227394,0.022560328,0.018540217,0.037330982,,-0.002898587,0.02177598
511,-0.002563518,-0.003400591,-0.002430979,-0.003170689,-0.003373684,-0.003246446,0.023945126,0.022290332,0.018365604,0.036983428,,-0.002798363,0.021533687
512,-0.00248333,-0.003279362,-0.002340038,-0.003088998,-0.003255662,-0.003163919,0.023696982,0.022025689,0.018183147,0.036558251,,-0.00270091,0.021301939
513,-0.002488378,-0.003291321,-0.002363246,-0.003118778,-0.003273457,-0.003188794,0.02335878,0.021653077,0.017868307,0.036195668,,-0.002714315,0.020960054
514,-0.002525706,-0.003380674,-0.002442059,-0.003184764,-0.003361773,-0.003267839,0.02294739,0.02122105,0.017480263,0.035911798,,-0.002782813,0.020549568
515,-0.002468946,-0.003365092,-0.002416243,-0.003119527,-0.003330957,-0.003258729,0.02257102,0.020877143,0.017190678,0.03563745,,-0.002750093,0.020212947
516,-0.00233582,-0.003240125,-0.002291372,-0.002952695,-0.003186692,-0.003156489,0.022250189,0.020624164,0.017002688,0.035322786,,-0.002622439,0.019959014
517,-0.002284353,-0.003177017,-0.002234825,-0.002904488,-0.003122547,-0.003092725,0.021919636,0.020322079,0.016757961,0.034929748,,-0.002565399,0.019666558
518,-0.002366637,-0.00323894,-0.002306272,-0.003033632,-0.003201932,-0.003119237,0.021543593,0.019917568,0.016408185,0.03445375,,-0.002637283,0.019289782
519,-0.002483474,-0.003335934,-0.002409605,-0.003168767,-0.00330146,-0.003174879,0.021130938,0.019479901,0.016065372,0.033943563,,-0.002743004,0.01889207
520,-0.00255577,-0.003397319,-0.002469075,-0.003198361,-0.003336954,-0.00321233,0.020705953,0.019065271,0.015792203,0.033466306,,-0.002807388,0.018521142
521,-0.002568626,-0.003413752,-0.002474565,-0.003167467,-0.003331237,-0.003224244,0.020318749,0.018686248,0.015532026,0.033137169,,-0.002818981,0.018179007
522,-0.002534862,-0.003394042,-0.002441648,-0.003132349,-0.003317369,-0.003215964,0.019988378,0.018339028,0.015234419,0.032985929,,-0.002790184,0.017853941
523,-0.002529753,-0.003380742,-0.002438486,-0.003128616,-0.003324377,-0.003216982,0.019633828,0.017991517,0.014921005,0.032778859,,-0.002782993,0.01751545
524,-0.002608144,-0.00340606,-0.002516243,-0.003174126,-0.003365628,-0.003248338,0.019188693,0.017615493,0.014622268,0.032320398,,-0.002843482,0.017142151
525,-0.002696067,-0.003438147,-0.002596715,-0.00322467,-0.00340506,-0.003280362,0.018744234,0.017240563,0.014353632,0.031822524,,-0.00291031,0.016779477
526,-0.002697377,-0.003432335,-0.002583082,-0.003224911,-0.003396057,-0.003274227,0.018412596,0.016904115,0.014122346,0.03155132,,-0.002904265,0.016479686
527,-0.002632428,-0.003392044,-0.00250755,-0.003172344,-0.003327732,-0.003223957,0.018161657,0.016611702,0.013913136,0.03141111,,-0.002844007,0.016228832
528,-0.002566712,-0.003341822,-0.002450639,-0.003089273,-0.003212701,-0.00314169,0.017902648,0.016349095,0.01369904,0.031168926,,-0.002786391,0.015983594
529,-0.002525092,-0.003292413,-0.002435265,-0.0030358,-0.003135183,-0.003083814,0.017602738,0.016077462,0.013458564,0.030817994,,-0.002750923,0.015712921
530,-0.002509698,-0.003251737,-0.002448444,-0.003086009,-0.003213337,-0.00312551,0.017264881,0.015742817,0.0131746,0.03047877,,-0.002736626,0.0153941
531,-0.002534113,-0.003251461,-0.002470785,-0.003154946,-0.003324229,-0.003194102,0.01689818,0.01535922,0.012868861,0.030146908,,-0.00275212,0.015042087
532,-0.002615491,-0.003336565,-0.002473765,-0.003022296,-0.00314747,-0.003092524,0.01652463,0.015000656,0.012599701,0.029721054,,-0.002808607,0.014708329
533,-0.002655932,-0.003400786,-0.002436782,-0.002899334,-0.003129194,-0.003036199,0.016183789,0.014710586,0.012385584,0.029224276,,-0.002831167,0.014426653
534,-0.002414662,-0.003144498,-0.00234727,-0.002764611,-0.00300178,-0.002922303,0.015945566,0.014497598,0.01219845,0.028846389,,-0.002635477,0.014213871
535,-0.00224652,-0.002977455,-0.002249039,-0.002624926,-0.002841023,-0.00277392,0.015793009,0.014323986,0.012020001,0.028710912,,-0.002491005,0.014045665
536,-0.002245563,-0.0029644,-0.002154595,-0.002591459,-0.00283827,-0.002486281,0.015546747,0.014073693,0.011852699,0.02880005,,-0.002454853,0.01382438
537,-0.002433405,-0.003144038,-0.002116875,-0.002750008,-0.00304963,-0.002386678,0.01514022,0.013707919,0.011609361,0.028835722,,-0.002564773,0.013485833
538,-0.002590954,-0.003294717,-0.002253111,-0.002848526,-0.003239365,-0.002215646,0.014744904,0.013314276,0.01119086,0.028418771,,-0.002712928,0.013083347
539,-0.002691747,-0.003387253,-0.002355154,-0.002853216,-0.003363332,-0.001949353,0.014362314,0.013035439,0.010931244,0.028187288,,-0.002811385,0.012776332
540,-0.002705215,-0.003391766,-0.002341637,-0.00283146,-0.003395433,-0.001681465,0.014091824,0.012798126,0.0107511,0.028316896,,-0.002812872,0.012547017
541,-0.00263251,-0.003310731,-0.002244444,-0.002726655,-0.003345421,-0.001332089,0.013807313,0.012642929,0.010632248,0.028828754,,-0.002729228,0.01236083
542,-0.002603208,-0.00327295,-0.002190062,-0.002664511,-0.003337849,-0.001025004,0.01379988,0.012460161,0.010483773,0.029019215,,-0.00268874,0.012247938
543,-0.002757599,-0.003417549,-0.002314124,-0.002779498,-0.00350544,-0.00089177,0.013883464,0.012157875,0.010211334,0.028158864,,-0.002829757,0.012084224
544,-0.00288977,-0.003539834,-0.002415584,-0.00287179,-0.003650192,-0.001267242,0.014115944,0.011855238,0.009951177,0.02796469,,-0.002948396,0.01197412
545,-0.002978477,-0.003620909,-0.002482598,-0.002931888,-0.003766132,-0.001616157,0.014368219,0.011569015,0.009756825,0.027795924,,-0.003027328,0.01189802
546,-0.003025435,-0.003661833,-0.002514254,-0.002958228,-0.003850709,-0.001935307,0.014645464,0.011305365,0.00943969,0.027646742,,-0.003067174,0.01179684
547,-0.003101327,-0.003730315,-0.002569341,-0.003006622,-0.003955278,-0.002273073,0.014908221,0.01102929,0.009111507,0.02749057,,-0.003133661,0.011683006
548,-0.003221,-0.003840302,-0.002659108,-0.00308742,-0.004088839,-0.002637555,0.015151088,0.010736739,0.008865595,0.027320433,,-0.003240137,0.011584474
549,-0.003335709,-0.003944427,-0.002740313,-0.003158758,-0.004211589,-0.002990328,0.015408363,0.010459945,0.008636341,0.027151892,,-0.00334015,0.01150155
550,-0.003422364,-0.004021057,-0.002795707,-0.003204845,-0.004315199,-0.003319251,0.0145088,0.010204475,0.00842785,0.026991688,,-0.003413042,0.011047042
551,-0.003507187,-0.004097751,-0.002856847,-0.003258572,-0.003577074,-0.003660552,0.013591177,0.009928105,0.008196564,0.026831065,,-0.003487262,0.010571948
552,-0.003794557,-0.004472398,-0.003114437,-0.003031817,-0.003501648,-0.003775924,0.01264498,0.009620493,0.007932259,0.026661089,,-0.003793797,0.010065911
553,-0.003127955,-0.003696498,-0.003187346,-0.003599602,-0.003736168,-0.003622667,0.011737268,0.009353891,0.007710645,0.02648101,,-0.003337266,0.009600601
554,-0.002987947,-0.00358209,-0.003736875,-0.003755903,-0.003805865,-0.003622041,0.010906118,0.00928163,0.007298793,0.026301059,,-0.003435638,0.00916218
555,-0.003237421,-0.003846528,-0.003217271,-0.003611504,-0.00374779,-0.003687552,0.010601113,0.008922456,0.007422412,0.026169714,,-0.00343374,0.008981994
556,-0.00322464,-0.003892091,-0.00299423,-0.003525881,-0.003704896,-0.003674555,0.01005221,0.008056191,0.007699456,0.026109098,,-0.00337032,0.008602619
557,-0.003218543,-0.003879286,-0.003005266,-0.003526431,-0.003707362,-0.00367264,0.009549036,0.008321795,0.007147153,0.025635893,,-0.003367698,0.008339328
558,-0.00304604,-0.00370215,-0.002858193,-0.003370947,-0.003556906,-0.003519876,0.009356927,0.008208745,0.007159128,0.024924196,,-0.003202128,0.0082416
559,-0.002934681,-0.00358531,-0.002768873,-0.003272367,-0.003462083,-0.003421898,0.009233643,0.0079052,0.007179905,0.024533786,,-0.003096288,0.008106249
560,-0.003074901,-0.003725312,-0.002952184,-0.003451682,-0.003653048,-0.003614972,0.009463382,0.008283063,0.007042899,0.023958965,,-0.003250799,0.008263115
561,-0.00300666,-0.003652345,-0.002909002,-0.003399996,-0.003606251,-0.003565775,0.009278724,0.008108445,0.006887161,0.023513046,,-0.003189336,0.008091443
562,-0.002857703,-0.003492645,-0.002761031,-0.003237501,-0.003439617,-0.003390723,0.009237977,0.008086765,0.006890381,0.023194837,,-0.003037126,0.008071708
563,-0.00279248,-0.003415874,-0.00269358,-0.003154725,-0.003351497,-0.003293382,0.009121926,0.007990987,0.006820305,0.022795163,,-0.002967311,0.007977739
564,-0.002765154,-0.003385266,-0.002697088,-0.003151172,-0.003354999,-0.003295928,0.008881194,0.007758129,0.006604884,0.022353344,,-0.002949169,0.007748069
565,-0.002744145,-0.003364415,-0.002720672,-0.003171134,-0.003387175,-0.003330587,0.00859803,0.00747768,0.006338433,0.021879102,,-0.002943077,0.007471381
566,-0.00260941,-0.003226002,-0.00261519,-0.003058197,-0.0032807,-0.003222761,0.008468856,0.007356972,0.006235557,0.021486952,,-0.002816868,0.007353795
567,-0.002557936,-0.0031653,-0.002570767,-0.003000767,-0.003221405,-0.003156564,0.008314703,0.007219612,0.00612158,0.02107343,,-0.002764668,0.007218631
568,-0.002506461,-0.003104598,-0.002526343,-0.002943337,-0.003162111,-0.003090368,0.00816055,0.007082252,0.006007603,0.02065436,,-0.002712467,0.007083468
569,-0.002454987,-0.003043895,-0.00248192,-0.002885907,-0.003102817,-0.003024172,0.008006397,0.006944892,0.005893626,0.020204264,,-0.002660267,0.006948305
570,-0.002403512,-0.002983193,-0.002437496,-0.002828477,-0.003043523,-0.002957976,0.007852244,0.006807532,0.005779648,0.019759522,,-0.002608067,0.006813141
571,-0.002352037,-0.002922491,-0.002393072,-0.002771046,-0.002984228,-0.00289178,0.007698091,0.006670172,0.005665671,0.019351612,,-0.002555867,0.006677978
572,-0.002300563,-0.002861788,-0.002348649,-0.002713616,-0.002924934,-0.002825583,0.007543939,0.006532812,0.005551694,0.0189368,,-0.002503667,0.006542815
573,-0.002249088,-0.002801086,-0.002304225,-0.002656186,-0.00286564,-0.002759387,0.007389786,0.006395452,0.005437717,0.018462965,,-0.002451466,0.006407651
574,-0.002197614,-0.002740383,-0.002259801,-0.002598756,-0.002806345,-0.002693191,0.007235633,0.006258092,0.00532374,0.01791454,,-0.002399266,0.006272488
575,-0.002429364,-0.00297322,-0.002539858,-0.00287612,-0.003097316,-0.002987574,0.00668996,0.00571374,0.004792458,0.017160626,,-0.002647481,0.005732052
576,-0.001962272,-0.002517228,-0.002029795,-0.002387487,-0.00255938,-0.002469882,0.007097815,0.006133307,0.005261881,0.018058114,,-0.002169765,0.006164334
577,-0.001455823,-0.00203806,-0.001524273,-0.001883,-0.002048405,-0.001957234,0.007460889,0.006500669,0.005654114,0.019018559,,-0.001672719,0.006538557
578,-0.001556436,-0.002161025,-0.001652317,-0.001988863,-0.002181529,-0.002065975,0.007182483,0.006222602,0.005392302,0.018515113,,-0.001789926,0.006265796
579,-0.001799136,-0.002385629,-0.00186158,-0.002173257,-0.002341151,-0.002213597,0.006934045,0.006004524,0.00522737,0.017994722,,-0.002015449,0.006055313
580,-0.001809149,-0.002369113,-0.001871986,-0.00219354,-0.002310551,-0.002217934,0.006827267,0.005919167,0.00520901,0.017949298,,-0.002016749,0.005985148
581,-0.001723974,-0.0023557,-0.001865794,-0.002217002,-0.002325569,-0.002225702,0.006700214,0.005775749,0.005062529,0.017347224,,-0.001981822,0.005846164
582,-0.001639825,-0.002316359,-0.001824498,-0.002221944,-0.002324846,-0.002219581,0.006581495,0.005589951,0.004919751,0.016881988,,-0.001926894,0.005697066
583,-0.001608061,-0.00232591,-0.001882975,-0.00226181,-0.002353807,-0.002239652,0.00644706,0.005393676,0.00476999,0.016319269,,-0.001938982,0.005536908
584,-0.001632017,-0.002387465,-0.001982313,-0.002338822,-0.002414343,-0.002287582,0.00629591,0.005186256,0.004612798,0.015719758,,-0.002000598,0.005364988
585,-0.00158349,-0.002381371,-0.002028497,-0.002367512,-0.002433805,-0.002299271,0.006166504,0.004993334,0.004465272,0.015168107,,-0.001997786,0.00520837
586,-0.001534963,-0.002375277,-0.002074681,-0.002396202,-0.002453267,-0.002310961,0.006037098,0.004800411,0.004317745,0.014616457,,-0.001994974,0.005051751
587,-0.001486436,-0.002369182,-0.002120865,-0.002424892,-0.00247273,-0.00232265,0.005907692,0.004607488,0.004170218,0.014064807,,-0.001992161,0.004895133
588,-0.00143791,-0.002363088,-0.002167049,-0.002453582,-0.002492192,-0.00233434,0.005778287,0.004414565,0.004022691,0.013513156,,-0.001989349,0.004738514
589,-0.001389383,-0.002356994,-0.002213233,-0.002482272,-0.002511654,-0.002346029,0.005648881,0.004221643,0.003875164,0.012961506,,-0.001986537,0.004581896
590,-0.001429011,-0.002433178,-0.002324064,-0.002569733,-0.002581071,-0.002401796,0.005493029,0.004011089,0.003715883,0.012351646,,-0.002062084,0.004406667
591,-0.001260845,-0.00231542,-0.002282513,-0.002518663,-0.002532738,-0.002353666,0.005399515,0.003842094,0.003584308,0.011878995,,-0.001952926,0.004275306
592,-0.00113808,-0.002240036,-0.002274255,-0.002497861,-0.002510131,-0.002328236,0.00529238,0.003664019,0.00344668,0.011376366,,-0.001884124,0.00413436
593,-0.001115163,-0.002257845,-0.00233922,-0.002543625,-0.002544106,-0.00235273,0.005155291,0.003465974,0.003295738,0.010807805,,-0.001904076,0.003972335
594,-0.001096216,-0.002279358,-0.002407096,-0.002592034,-0.00258033,-0.002379209,0.005017012,0.003267136,0.003144268,0.010236623,,-0.001927556,0.003809472
595,-0.001013707,-0.002241547,-0.00242836,-0.00259807,-0.002580536,-0.002373908,0.004897801,0.003081009,0.003001272,0.009707411,,-0.001894538,0.003660027
596,-0.00087802,-0.002154103,-0.002410626,-0.002568653,-0.002550608,-0.002342017,0.004794543,0.002905519,0.002865366,0.009213314,,-0.00181425,0.003521809
597,-0.000882115,-0.002201407,-0.00251254,-0.00265385,-0.002627741,-0.002412155,0.004646393,0.002650651,0.002655118,0.008831373,,-0.001865354,0.003317388
598,-0.000112137,-0.001468628,-0.001816336,-0.001934918,-0.00189173,-0.001663137,0.004865553,0.00324199,0.003297087,0.008014216,,-0.001132367,0.003801543
599,6.15E-05,-0.001333326,-0.001721056,-0.001818059,-0.001759515,-0.001519063,0.004838849,0.003223214,0.003327792,0.007463295,,-0.000997623,0.003796619
600,-2.14E-05,-0.001461368,-0.001909503,-0.00199172,-0.001928012,-0.001682496,0.004656291,0.002866358,0.003013623,0.006964801,,-0.001130753,0.003512091
601,-5.85E-05,-0.001541743,-0.001951087,-0.00211018,-0.002038482,-0.001786018,0.004473936,0.002624558,0.002929646,0.00703357,,-0.001183779,0.003342713
602,-2.09E-05,-0.001546873,-0.001915808,-0.002151236,-0.002070739,-0.001810787,0.004360607,0.002463938,0.00292739,0.00709172,,-0.0011612,0.003250645
603,-0.000353034,-0.001923801,-0.001989385,-0.002572472,-0.002486317,-0.002220974,0.003930587,0.00234992,0.002850927,0.008636123,,-0.001422073,0.003043811
604,0.000102638,-0.001513027,-0.001661068,-0.002206344,-0.002114659,-0.001844008,0.004319297,0.002507076,0.003039796,0.012730848,,-0.001023819,0.003288723
605,0.000376304,-0.001281497,-0.001457483,-0.002008411,-0.001907054,-0.001628333,0.004515381,0.002941902,0.003524055,0.014900363,,-0.000787559,0.003660446
606,-3.15E-05,-0.001502583,-0.001820314,-0.002450542,-0.002363075,-0.002068046,0.004248954,0.002697068,0.003330918,0.013812082,,-0.001118136,0.003425646
607,-0.000644891,-0.001803092,-0.002170433,-0.002854837,-0.002737309,-0.002430649,0.003917931,0.002456648,0.003104669,0.012889184,,-0.001539472,0.00315975
608,-0.000654585,-0.002040666,-0.002063144,-0.002796293,-0.002630729,-0.002325572,0.003661468,0.002393765,0.003019286,0.012900101,,-0.001586132,0.00302484
609,-0.000594693,-0.002225999,-0.00188758,-0.002668193,-0.002496867,-0.002213268,0.003450785,0.002350983,0.002947496,0.012917824,,-0.001569424,0.002916421
610,-0.000699533,-0.002336014,-0.001870548,-0.002625688,-0.002493366,-0.002237292,0.003298465,0.002273616,0.00285344,0.012663666,,-0.001635365,0.002808507
611,-0.000915739,-0.002575598,-0.001879034,-0.002595917,-0.002497306,-0.00224192,0.003095864,0.00220358,0.002787966,0.0124749,,-0.001790123,0.002695803
612,-0.000915559,-0.002497348,-0.001849349,-0.002549797,-0.002456249,-0.002177317,0.003070248,0.002156137,0.002753402,0.012420329,,-0.001754085,0.002659929
613,-0.000898777,-0.002374684,-0.001830154,-0.002526823,-0.002423206,-0.002145237,0.003030354,0.002107687,0.002685871,0.012207776,,-0.001701205,0.002607971
614,-0.000974789,-0.002376754,-0.001839663,-0.002532661,-0.002416847,-0.002180077,0.0028836,0.002051697,0.002567347,0.011755459,,-0.001730402,0.002500882
615,-0.001019462,-0.002379032,-0.001828204,-0.002500988,-0.002373142,-0.002172544,0.002771779,0.002018962,0.002476428,0.011465371,,-0.001742233,0.00242239
616,-0.00095585,-0.002292582,-0.001770265,-0.002396506,-0.002264035,-0.002061426,0.002785472,0.002024072,0.00245781,0.011558001,,-0.001672899,0.002422451
617,-0.000896172,-0.002192731,-0.001715835,-0.002286664,-0.002176312,-0.001953003,0.00280919,0.002023471,0.002436763,0.011687527,,-0.001601579,0.002423141
618,-0.000945998,-0.002162815,-0.001714567,-0.002236811,-0.002184468,-0.001946099,0.002731737,0.001976227,0.002341928,0.011510315,,-0.001607793,0.002349964
619,-0.00105686,-0.002194962,-0.001748979,-0.00224195,-0.002234933,-0.001997433,0.002591106,0.001886785,0.002199466,0.01113667,,-0.001666933,0.002225785
620,-0.001149024,-0.002257409,-0.001785943,-0.002273072,-0.002253737,-0.002035455,0.002458854,0.001776672,0.002057943,0.010772394,,-0.001730792,0.002097823
621,-0.00119885,-0.002296917,-0.001787892,-0.002289763,-0.002230144,-0.002040489,0.002366924,0.001698611,0.001953457,0.010543973,,-0.00176122,0.00200633
622,-0.001208034,-0.002265198,-0.001726255,-0.002253769,-0.002180461,-0.002015093,0.002328261,0.001704455,0.001912154,0.010513317,,-0.001733162,0.001981623
623,-0.001203223,-0.002192011,-0.001649946,-0.002187312,-0.002132509,-0.00197801,0.002305985,0.00174004,0.001893524,0.010531878,,-0.001681727,0.00197985
624,-0.001222505,-0.002147267,-0.001644422,-0.002143669,-0.002117026,-0.001954717,0.00223943,0.001699169,0.00182846,0.010356666,,-0.001671398,0.001922353
625,-0.001262188,-0.002134893,-0.001694138,-0.002120501,-0.002124141,-0.001943301,0.002136096,0.001599079,0.001722687,0.010023756,,-0.001697073,0.001819287
626,-0.001283788,-0.002109685,-0.001706467,-0.002074846,-0.002110632,-0.001919728,0.002054909,0.001547212,0.001641093,0.009789522,,-0.00169998,0.001747738
627,-0.001290897,-0.002061626,-0.001665107,-0.002010659,-0.002069098,-0.001886691,0.002007759,0.001556485,0.001597335,0.009706391,,-0.001672544,0.001720526
628,-0.001327762,-0.002021331,-0.001636993,-0.001985815,-0.002032564,-0.001876795,0.001955862,0.001531346,0.001549284,0.009591354,,-0.001662029,0.001678831
629,-0.001395693,-0.002000229,-0.001646295,-0.002001583,-0.002007827,-0.001886971,0.001888021,0.001449488,0.001485173,0.009378173,,-0.001680739,0.001607561
630,-0.001419547,-0.00197411,-0.001643142,-0.00196539,-0.001958987,-0.00186317,0.001840599,0.001406077,0.001442122,0.009189907,,-0.001678933,0.001562933
631,-0.001366324,-0.001929501,-0.001602194,-0.001843653,-0.001876756,-0.001781934,0.001825891,0.001442791,0.001432632,0.009099479,,-0.001632673,0.001567104
632,-0.001313763,-0.001883406,-0.001565,-0.001748073,-0.001822454,-0.001710562,0.001791,0.001455518,0.001399778,0.009034289,,-0.00158739,0.001548765
633,-0.001323609,-0.001846307,-0.001563163,-0.001759231,-0.001833211,-0.001699433,0.001704724,0.001370491,0.001307343,0.008921985,,-0.001577693,0.001460853
634,-0.001358185,-0.001800454,-0.001555916,-0.001783648,-0.00183189,-0.001704885,0.001634251,0.001290536,0.001220615,0.008765778,,-0.001571518,0.0013818
635,-0.001370273,-0.001729604,-0.001504633,-0.001723931,-0.001746737,-0.00167852,0.001639524,0.001315996,0.001201002,0.008584301,,-0.001534837,0.001385508
636,-0.001368502,-0.001659583,-0.001446434,-0.001641,-0.001653292,-0.001645005,0.001650381,0.001362766,0.001186318,0.008418136,,-0.001491506,0.001399822
637,-0.001374136,-0.001622526,-0.001432342,-0.00162604,-0.001652269,-0.001641083,0.001572583,0.001313699,0.001092232,0.008299157,,-0.001476335,0.001326171
638,-0.001396974,-0.001621129,-0.00145391,-0.001661979,-0.00170494,-0.001659191,0.001430423,0.001200357,0.00095131,0.00818903,,-0.001490671,0.00119403
639,-0.001437328,-0.001640509,-0.001476908,-0.001683814,-0.001717324,-0.001667532,0.001300611,0.001117417,0.000844305,0.008013706,,-0.001518248,0.001087444
640,-0.001464736,-0.001637109,-0.001469308,-0.001653703,-0.001666318,-0.00163821,0.00123491,0.001092592,0.000810156,0.007784995,,-0.001523718,0.001045886
641,-0.001432629,-0.001552036,-0.001403463,-0.001556057,-0.001578456,-0.00154767,0.001264566,0.00110857,0.000854549,0.007555292,,-0.00146271,0.001075895
642,-0.001350293,-0.001408223,-0.00130212,-0.001418806,-0.00148098,-0.001422754,0.001349046,0.001141929,0.000929065,0.007393586,,-0.001353545,0.001140013
643,-0.00127551,-0.00130275,-0.001229707,-0.001309947,-0.001401012,-0.001336647,0.001384143,0.001165575,0.000934297,0.007359681,,-0.001269323,0.001161339
644,-0.001243059,-0.001286173,-0.001217744,-0.001269664,-0.001360835,-0.001320811,0.001330683,0.00115451,0.000845723,0.007396134,,-0.001248992,0.001110305
645,-0.001249942,-0.001343727,-0.001249518,-0.00129911,-0.001374259,-0.0013485,0.001237507,0.001087855,0.000733816,0.00728733,,-0.001281062,0.001019726
646,-0.001282076,-0.001430617,-0.001294944,-0.001369321,-0.001423568,-0.001386867,0.001150691,0.000980794,0.00065734,0.006975618,,-0.001335879,0.000929608
647,-0.001304841,-0.001453255,-0.001299084,-0.001397717,-0.001436873,-0.001396658,0.001100812,0.000915189,0.00063995,0.006707801,,-0.001352394,0.000885317
648,-0.001296655,-0.001369084,-0.001239084,-0.00134233,-0.001375878,-0.001357718,0.00109103,0.000933535,0.000678404,0.006647642,,-0.001301607,0.00090099
649,-0.001267143,-0.0012807,-0.001171178,-0.001274646,-0.001306072,-0.001302527,0.00106614,0.000958348,0.000707905,0.006650762,,-0.001239674,0.000910797
650,-0.001233852,-0.001283337,-0.001149866,-0.001264034,-0.001293052,-0.001266002,0.000979131,0.000914554,0.000671868,0.006564986,,-0.001222352,0.000855184
651,-0.001212358,-0.001341945,-0.001162449,-0.001289835,-0.001328859,-0.001257626,0.000865899,0.000826028,0.000595015,0.006425752,,-0.001238917,0.000762314
652,-0.001213103,-0.001393318,-0.001181651,-0.001312592,-0.001383789,-0.001274457,0.000777105,0.000735371,0.000518412,0.006302717,,-0.001262691,0.000676963
653,-0.001209644,-0.00139585,-0.00119013,-0.001307758,-0.001404956,-0.001284513,0.000731639,0.000665088,0.000468893,0.006197816,,-0.001265208,0.000621873
654,-0.001166168,-0.001323154,-0.001177767,-0.00126008,-0.001340118,-0.001251582,0.000733869,0.000627077,0.000462302,0.006091027,,-0.001222363,0.000607749
655,-0.001086028,-0.001207509,-0.001143557,-0.001185454,-0.001227558,-0.001190719,0.000755967,0.000606679,0.000470975,0.005995181,,-0.001145698,0.000611207
656,-0.000991157,-0.001110489,-0.001092922,-0.001114553,-0.001147,-0.001142047,0.000758931,0.000581202,0.000449678,0.005932111,,-0.001064856,0.000596604
657,-0.000900375,-0.001053922,-0.001029105,-0.001062261,-0.001109286,-0.001105698,0.000745128,0.000557054,0.000425689,0.005871775,,-0.000994467,0.000575957
658,-0.000830287,-0.001030377,-0.000955376,-0.001032028,-0.001074449,-0.001053231,0.00074957,0.000565254,0.000476919,0.005739249,,-0.00093868,0.000597248
659,-0.000792199,-0.00103751,-0.00089752,-0.001034462,-0.001053363,-0.001008619,0.000751819,0.000579848,0.000568545,0.005545742,,-0.000909076,0.000633404
660,-0.000790986,-0.001074808,-0.000903884,-0.001085095,-0.001109525,-0.001046737,0.000676904,0.0005204,0.00054983,0.005399727,,-0.000923226,0.000582378
661,-0.000809726,-0.001129593,-0.000968766,-0.001164856,-0.001232009,-0.001160056,0.000528598,0.000384571,0.000401662,0.00532203,,-0.000969362,0.000438277
662,-0.000801597,-0.001173309,-0.00100665,-0.001206328,-0.00130096,-0.001214476,0.000429381,0.000290047,0.000308291,0.00518657,,-0.000993852,0.000342573
663,-0.000738241,-0.001176742,-0.000965942,-0.001170266,-0.001249092,-0.001137792,0.000447933,0.000303917,0.000370853,0.004948473,,-0.000960309,0.000374234
664,-0.000640854,-0.001120204,-0.000883624,-0.001093409,-0.001141651,-0.001019217,0.00051135,0.000359481,0.000465997,0.004763675,,-0.000881561,0.000445609
665,-0.000549301,-0.001015667,-0.000810063,-0.001023625,-0.001053405,-0.000947111,0.000540628,0.000383514,0.000481173,0.004729455,,-0.000791677,0.000468438
666,-0.000535599,-0.00096503,-0.000791704,-0.001010325,-0.001023818,-0.000936128,0.00050257,0.000345488,0.000426405,0.004675262,,-0.000764111,0.000424821
667,-0.000641017,-0.001042234,-0.000851997,-0.001076438,-0.00106522,-0.000975393,0.000393014,0.000243541,0.000341158,0.004436948,,-0.000845082,0.000325904
668,-0.000718583,-0.001095534,-0.000889051,-0.001115133,-0.001078014,-0.000990165,0.000312701,0.000172706,0.00030424,0.004114375,,-0.000901056,0.000263216
669,-0.000608673,-0.00095286,-0.000793873,-0.001012081,-0.000960019,-0.000906628,0.000367876,0.000233172,0.000381724,0.003870417,,-0.000785135,0.000327591
670,-0.00042854,-0.0007352,-0.000648029,-0.000854448,-0.000796977,-0.000785982,0.000477157,0.000345998,0.000475691,0.00369302,,-0.000603923,0.000432949
671,-0.000393488,-0.000668684,-0.000598033,-0.000801267,-0.000740119,-0.000735928,0.000494436,0.000370002,0.000434981,0.00351455,,-0.000553402,0.00043314
672,-0.000483324,-0.00072783,-0.000627928,-0.000823838,-0.000768637,-0.000743239,0.000420876,0.000322329,0.000304211,0.003366334,,-0.000613027,0.000349138
673,-0.000539292,-0.00074298,-0.000628146,-0.00079018,-0.000761887,-0.000725471,0.000345716,0.000308141,0.000237204,0.003335089,,-0.000636806,0.00029702
674,-0.000520956,-0.000673561,-0.000575987,-0.000694557,-0.000701479,-0.000666132,0.000310243,0.000337356,0.000261287,0.003344225,,-0.000590168,0.000302962
675,-0.000486905,-0.000588627,-0.000527204,-0.000643489,-0.000654685,-0.000604184,0.000313181,0.00033822,0.000289666,0.00317381,,-0.000534245,0.000313689
676,-0.000467036,-0.000530163,-0.000495187,-0.000646702,-0.000633701,-0.000560351,0.000339034,0.00030056,0.000284167,0.002845544,,-0.000497462,0.00030792
677,-0.000455785,-0.000502953,-0.000446853,-0.000599341,-0.000581028,-0.000534558,0.000353439,0.00028692,0.000263289,0.002663019,,-0.00046853,0.000301216
678,-0.000431082,-0.000484907,-0.000366146,-0.000458915,-0.00047243,-0.00050712,0.000355489,0.000338927,0.000250898,0.002742981,,-0.000427378,0.000315105
679,-0.000350451,-0.000412202,-0.000280478,-0.000307347,-0.000352224,-0.000434802,0.000394206,0.000444491,0.000266582,0.002848681,,-0.00034771,0.000368426
680,-0.000227273,-0.000280717,-0.000228543,-0.000221876,-0.000270123,-0.000320858,0.000470084,0.00055679,0.000299309,0.002768267,,-0.000245511,0.000442061
681,-0.000219548,-0.000241729,-0.00026408,-0.000244608,-0.000269668,-0.000290665,0.00044895,0.000556472,0.000266587,0.002451999,,-0.000241786,0.000424003
682,-0.000416146,-0.000384831,-0.000401118,-0.000371327,-0.000359829,-0.000413685,0.000255967,0.000383453,0.000124543,0.001947456,,-0.000400698,0.000254654
683,-0.000576459,-0.000491701,-0.000494971,-0.000452714,-0.000414642,-0.000496162,0.000114544,0.000242019,2.98E-05,0.001592969,,-0.000521044,0.000128781
684,-0.000458761,-0.000342931,-0.000403857,-0.000350339,-0.00031595,-0.000344725,0.000242528,0.000332626,0.000131816,0.001682639,,-0.00040185,0.000235657
685,-0.000217954,-9.30E-05,-0.000207414,-0.000153769,-0.000143826,-9.71E-05,0.000475271,0.000518401,0.000306543,0.001946295,,-0.000172797,0.000433405
686,-0.000108591,1.34E-05,-4.60E-05,-1.34E-05,-3.04E-05,2.70E-05,0.000553256,0.000578406,0.000363818,0.001980975,,-4.70443E-05,0.000498493
687,-0.000130866,-2.05E-05,2.35E-05,3.01E-05,-2.15E-07,1.11E-05,0.000473008,0.000515155,0.000293327,0.001813552,,-4.2608E-05,0.000427163
688,-0.000166318,-7.22E-05,-5.75E-06,-4.98E-06,-2.37E-05,-5.99E-05,0.000353919,0.000437117,0.000174249,0.001653128,,-8.14401E-05,0.000321762
689,-0.000208605,-0.000110798,-0.000101507,-8.65E-05,-8.88E-05,-0.000140843,0.000249262,0.000373283,6.12E-05,0.001484374,,-0.000140303,0.000227899
690,-0.000320824,-0.000163404,-0.000201491,-0.000169203,-0.000192226,-0.000212598,0.000167888,0.000300136,-9.44E-06,0.001132999,,-0.000228573,0.00015286
691,-0.000449209,-0.00020557,-0.000254569,-0.000208702,-0.000285185,-0.000250833,0.000113662,0.000222083,-2.30E-05,0.000701081,,-0.000303116,0.000104264
692,-0.000429632,-0.000166045,-0.000224452,-0.000163548,-0.000274874,-0.000226838,8.81E-05,0.000172871,1.30E-05,0.000538142,,-0.000273376,9.13213E-05
693,-0.000253517,-5.16E-05,-0.000131644,-5.71E-05,-0.000159758,-0.000158371,7.91E-05,0.000163236,6.78E-05,0.00068685,,-0.000145603,0.000103374
694,-0.000127189,2.00E-05,-7.49E-05,8.64E-07,-6.49E-05,-0.000122384,6.21E-05,0.000175227,8.43E-05,0.000754725,,-6.06864E-05,0.000107235
695,-0.000158582,-1.39E-05,-0.000105075,-4.41E-05,-6.15E-05,-0.000157926,1.98E-05,0.000182101,3.82E-05,0.000552236,,-9.25309E-05,8.00474E-05
696,-0.000229151,-9.31E-05,-0.000166542,-0.000122571,-0.000100892,-0.000216255,-4.59E-05,0.000143408,-2.95E-05,0.000329613,,-0.00016292,2.26597E-05
697,-0.0002344,-0.000153007,-0.000201254,-0.000166257,-0.000129,-0.000246734,-0.000117697,4.88E-05,-7.68E-05,0.000279952,,-0.00019622,-4.857E-05
698,-0.000178711,-0.000155619,-0.000176763,-0.000148761,-0.000117933,-0.000213878,-0.000138845,-2.67E-05,-8.34E-05,0.00026664,,-0.000170364,-8.29957E-05
699,-8.79E-05,-8.41E-05,-8.45E-05,-6.87E-05,-5.80E-05,-0.000106296,-7.22E-05,-2.15E-05,-4.20E-05,0.00014412,,-8.54869E-05,-4.5205E-05
700,0,0,0,0,0,0,0,0,0,0,,0,0
701,5.40E-05,3.18E-05,8.72E-07,-1.53E-05,2.88E-06,2.67E-05,-1.15E-05,-3.94E-05,-1.88E-06,-6.65E-05,,2.89096E-05,-1.76056E-05
702,9.70E-05,2.59E-05,-3.62E-05,-7.48E-05,-2.63E-05,2.29E-06,-7.68E-05,-0.000107723,-6.12E-06,-0.000152248,,2.89265E-05,-6.35307E-05
703,0.000169654,2.62E-05,-2.83E-05,-0.000100812,-3.89E-05,-8.98E-06,-0.000124491,-0.000139493,4.93E-05,-0.000404302,,5.58493E-05,-7.15631E-05
704,0.000252158,2.88E-05,5.75E-06,-0.000106654,-4.77E-05,-6.67E-06,-0.000155415,-0.000150118,0.000110676,-0.000701734,,9.55844E-05,-6.49523E-05
705,0.000300835,7.74E-06,1.00E-06,-0.000145794,-8.85E-05,-1.81E-05,-0.000203476,-0.000191607,7.34E-05,-0.000792187,,0.000103193,-0.000107228
706,0.000338256,-2.49E-05,-2.71E-05,-0.000203026,-0.000139089,-2.38E-05,-0.00024623,-0.000252734,-1.13E-05,-0.000736882,,9.54038E-05,-0.000170076
707,0.000432064,-3.09E-05,-4.37E-06,-0.000214358,-0.000135399,2.88E-05,-0.000223872,-0.000276818,1.91E-05,-0.000808869,,0.000132266,-0.000160516
708,0.000580813,-2.74E-05,6.23E-05,-0.00019762,-9.28E-05,0.00011104,-0.000166274,-0.000284273,0.000159149,-0.001038814,,0.000205234,-9.71323E-05
709,0.000706251,-9.27E-05,7.93E-05,-0.00026063,-0.000114275,0.000108145,-0.000200589,-0.000375275,0.000220509,-0.001185934,,0.000230943,-0.000118452
710,0.000780685,-0.000236497,1.04E-05,-0.000429021,-0.000233344,-8.86E-06,-0.000354581,-0.000575445,0.000139406,-0.001166719,,0.00018487,-0.00026354
711,0.000856645,-0.000362374,-8.67E-05,-0.000599261,-0.000373444,-0.00012881,-0.000498745,-0.000788186,5.74E-05,-0.001171202,,0.000135867,-0.000409849
712,0.000974972,-0.000410187,-0.00015659,-0.000698338,-0.000470028,-0.000182756,-0.000548214,-0.000938622,7.95E-05,-0.001300188,,0.000136065,-0.000469125
713,0.001128645,-0.00042168,-0.000171692,-0.000746024,-0.000511561,-0.000221992,-0.000549913,-0.001028819,0.000195766,-0.001425183,,0.000178424,-0.000460989
714,0.001300018,-0.000448641,-0.000139717,-0.000786912,-0.000515192,-0.000289681,-0.000562053,-0.001087349,0.000353582,-0.001458621,,0.00023722,-0.00043194
715,0.0014532,-0.000547066,-0.000166485,-0.000908323,-0.000568687,-0.000362977,-0.000637349,-0.001208008,0.000411741,-0.001536623,,0.00024655,-0.000477872
716,0.001564858,-0.000742629,-0.00033176,-0.001168653,-0.000738269,-0.000415449,-0.000800242,-0.001457946,0.000275866,-0.001793386,,0.00016349,-0.000660774
717,0.001692678,-0.000930792,-0.000497297,-0.001451215,-0.000928157,-0.000464818,-0.000959736,-0.00173981,0.000135367,-0.002133207,,8.81962E-05,-0.000854726
718,0.001896152,-0.001003001,-0.000508612,-0.001627136,-0.001029437,-0.000544954,-0.001022495,-0.001940093,0.000209033,-0.002408901,,0.00012818,-0.000917852
719,0.002112077,-0.001076963,-0.000496556,-0.001792872,-0.001141751,-0.000678941,-0.001094001,-0.002145451,0.000362476,-0.002596538,,0.000179519,-0.000958992
720,0.00224733,-0.001332111,-0.000675826,-0.0021072,-0.001422711,-0.000873821,-0.001329497,-0.002493877,0.000352934,-0.002703955,,7.97976E-05,-0.001156813
721,0.002450434,-0.001570323,-0.000854424,-0.002363403,-0.00167603,-0.000971413,-0.001521732,-0.002792781,0.000348265,-0.002634774,,8.56224E-06,-0.001322083
722,0.003026277,-0.001402301,-0.00063226,-0.002173876,-0.001526486,-0.000738856,-0.001277704,-0.002681526,0.000731669,-0.002253944,,0.000330572,-0.001075853
723,0.003720674,-0.001050239,-0.00024701,-0.00182029,-0.001199568,-0.000390943,-0.000833274,-0.00238551,0.001298775,-0.001872767,,0.000807808,-0.000640003
724,0.00378975,-0.001226304,-0.000447458,-0.002118778,-0.001400355,-0.000497415,-0.000926031,-0.002601706,0.001371789,-0.002157799,,0.000705329,-0.000718649
725,0.00331498,-0.001921399,-0.001171392,-0.003031753,-0.002123796,-0.001029253,-0.001554438,-0.003333851,0.000937244,-0.003032697,,7.40631E-05,-0.001317015
726,0.003396965,-0.002263712,-0.001390679,-0.003502796,-0.002514785,-0.001246313,-0.001831175,-0.003759123,0.000777675,-0.003547391,,-8.58087E-05,-0.001604208
727,0.004223474,-0.001940037,-0.000793014,-0.003174803,-0.002269498,-0.000902414,-0.001446786,-0.003593747,0.001196596,-0.003335766,,0.000496807,-0.001281313
728,0.004904792,-0.001650825,-0.000346339,-0.002949554,-0.002082775,-0.000643167,-0.001135397,-0.003529156,0.001626476,-0.00310604,,0.00096921,-0.001012692
729,0.004878557,-0.001874652,-0.000659877,-0.003481512,-0.002486749,-0.000884451,-0.001372586,-0.004059981,0.001680131,-0.003282679,,0.000781343,-0.001250812
730,0.004613736,-0.002346115,-0.001208573,-0.004149646,-0.002972572,-0.001304512,-0.001786742,-0.004639283,0.001592784,-0.00338604,,0.000353016,-0.00161108
731,0.004577236,-0.00277453,-0.001475738,-0.004432145,-0.003116071,-0.001578698,-0.002007706,-0.004840453,0.001610585,-0.002981319,,0.000108989,-0.001745858
732,0.004717738,-0.0031499,-0.001531399,-0.004444057,-0.003022609,-0.001737342,-0.002082682,-0.004784148,0.001712121,-0.002243905,,1.21463E-05,-0.001718236